INFO buildroot.py:497:  Mock Version: 2.16
DEBUG file_util.py:17:  ensuring that dir exists: /var/lib/mock/centos+epel-7-x86_64/root/dev/pts
DEBUG file_util.py:20:  creating dir: /var/lib/mock/centos+epel-7-x86_64/root/dev/pts
DEBUG file_util.py:17:  ensuring that dir exists: /var/lib/mock/centos+epel-7-x86_64/root/dev/shm
DEBUG file_util.py:20:  creating dir: /var/lib/mock/centos+epel-7-x86_64/root/dev/shm
DEBUG buildroot.py:681:  kernel version == 4.18.0-553.47.1.el8_10.x86_64
DEBUG file_util.py:30:  touching file: /var/lib/mock/centos+epel-7-x86_64/root/etc/fstab
DEBUG file_util.py:30:  touching file: /var/lib/mock/centos+epel-7-x86_64/root/etc/yum/yum.conf
DEBUG file_util.py:30:  touching file: /var/lib/mock/centos+epel-7-x86_64/root/etc/dnf/dnf.conf
DEBUG file_util.py:30:  touching file: /var/lib/mock/centos+epel-7-x86_64/root/var/log/yum.log
DEBUG file_util.py:17:  ensuring that dir exists: /var/lib/mock/centos+epel-7-x86_64/root/var/cache/yum
DEBUG util.py:623:  child environment: None
DEBUG util.py:541:  Executing command: ['/bin/mount', '-n', '-o', 'bind', '/var/cache/mock/centos+epel-7-x86_64/yum_cache', '/var/lib/mock/centos+epel-7-x86_64/root/var/cache/yum'] with env {'TERM': 'vt100', 'SHELL': '/bin/sh', 'HOME': '/builddir', 'HOSTNAME': 'mock', 'PATH': '/usr/bin:/bin:/usr/sbin:/sbin', 'LANG': 'C.UTF-8'} and shell False
DEBUG util.py:597:  Child return code was: 0
DEBUG file_util.py:17:  ensuring that dir exists: /var/lib/mock/centos+epel-7-x86_64/root/var/cache/dnf
DEBUG util.py:623:  child environment: None
DEBUG util.py:541:  Executing command: ['/bin/mount', '-n', '-o', 'bind', '/var/cache/mock/centos+epel-7-x86_64/dnf_cache', '/var/lib/mock/centos+epel-7-x86_64/root/var/cache/dnf'] with env {'TERM': 'vt100', 'SHELL': '/bin/sh', 'HOME': '/builddir', 'HOSTNAME': 'mock', 'PATH': '/usr/bin:/bin:/usr/sbin:/sbin', 'LANG': 'C.UTF-8'} and shell False
DEBUG util.py:597:  Child return code was: 0
DEBUG file_util.py:17:  ensuring that dir exists: /var/lib/mock/centos+epel-7-x86_64/root/proc
DEBUG file_util.py:30:  touching file: /var/lib/mock/centos+epel-7-x86_64/root/proc/filesystems
DEBUG util.py:623:  child environment: None
DEBUG util.py:541:  Executing command: ['/bin/mount', '-n', '-o', 'bind', '/tmp/mock-selinux-plugin.is9xlsoz', '/var/lib/mock/centos+epel-7-x86_64/root/proc/filesystems'] with env {'TERM': 'vt100', 'SHELL': '/bin/sh', 'HOME': '/builddir', 'HOSTNAME': 'mock', 'PATH': '/usr/bin:/bin:/usr/sbin:/sbin', 'LANG': 'C.UTF-8'} and shell False
DEBUG util.py:597:  Child return code was: 0
DEBUG file_util.py:17:  ensuring that dir exists: /var/lib/mock/centos+epel-7-x86_64-bootstrap/root/var/lib/mock/centos+epel-7-x86_64/root
DEBUG file_util.py:20:  creating dir: /var/lib/mock/centos+epel-7-x86_64-bootstrap/root/var/lib/mock/centos+epel-7-x86_64/root
DEBUG util.py:623:  child environment: None
DEBUG util.py:541:  Executing command: ['/bin/mount', '-n', '-t', 'tmpfs', '-o', 'private', 'tmpfs', '/var/lib/mock/centos+epel-7-x86_64-bootstrap/root/var/lib/mock/centos+epel-7-x86_64/root'] with env {'TERM': 'vt100', 'SHELL': '/bin/sh', 'HOME': '/builddir', 'HOSTNAME': 'mock', 'PATH': '/usr/bin:/bin:/usr/sbin:/sbin', 'LANG': 'C.UTF-8'} and shell False
DEBUG util.py:597:  Child return code was: 0
DEBUG file_util.py:17:  ensuring that dir exists: /var/lib/mock/centos+epel-7-x86_64-bootstrap/root/var/lib/mock/centos+epel-7-x86_64/root
DEBUG util.py:623:  child environment: None
DEBUG util.py:541:  Executing command: ['/bin/mount', '-n', '-o', 'rbind', '/var/lib/mock/centos+epel-7-x86_64/root', '/var/lib/mock/centos+epel-7-x86_64-bootstrap/root/var/lib/mock/centos+epel-7-x86_64/root'] with env {'TERM': 'vt100', 'SHELL': '/bin/sh', 'HOME': '/builddir', 'HOSTNAME': 'mock', 'PATH': '/usr/bin:/bin:/usr/sbin:/sbin', 'LANG': 'C.UTF-8'} and shell False
DEBUG util.py:597:  Child return code was: 0
DEBUG util.py:623:  child environment: None
DEBUG util.py:541:  Executing command: ['/bin/mount', '-n', '-o', 'remount,private,rbind', '--target', '/var/lib/mock/centos+epel-7-x86_64-bootstrap/root/var/lib/mock/centos+epel-7-x86_64/root'] with env {'TERM': 'vt100', 'SHELL': '/bin/sh', 'HOME': '/builddir', 'HOSTNAME': 'mock', 'PATH': '/usr/bin:/bin:/usr/sbin:/sbin', 'LANG': 'C.UTF-8'} and shell False
DEBUG util.py:597:  Child return code was: 0
DEBUG buildroot.py:201:  rootdir = /var/lib/mock/centos+epel-7-x86_64/root
DEBUG buildroot.py:202:  resultdir = /home/rocky/workspace/lines_CENTOS7_shim_shim-16.1.el7/RPMS/x86_64/
DEBUG file_util.py:17:  ensuring that dir exists: /var/lib/mock/centos+epel-7-x86_64/root/etc/pki/mock
DEBUG file_util.py:20:  creating dir: /var/lib/mock/centos+epel-7-x86_64/root/etc/pki/mock
DEBUG file_util.py:17:  ensuring that dir exists: /var/lib/mock/centos+epel-7-x86_64/root/etc/yum/pluginconf.d
DEBUG file_util.py:20:  creating dir: /var/lib/mock/centos+epel-7-x86_64/root/etc/yum/pluginconf.d
DEBUG package_manager.py:522:  configure yum
DEBUG package_manager.py:534:  configure yum priorities
DEBUG package_manager.py:536:  configure yum rhnplugin
DEBUG file_util.py:17:  ensuring that dir exists: /var/lib/mock/centos+epel-7-x86_64/root/etc
DEBUG file_util.py:17:  ensuring that dir exists: /var/lib/mock/centos+epel-7-x86_64/root/proc
DEBUG util.py:623:  child environment: None
DEBUG util.py:541:  Executing command: ['/bin/mount', '-n', '-t', 'tmpfs', '-o', 'rprivate', 'tmpfs', '/var/lib/mock/centos+epel-7-x86_64/root/proc'] with env {'TERM': 'vt100', 'SHELL': '/bin/sh', 'HOME': '/builddir', 'HOSTNAME': 'mock', 'PATH': '/usr/bin:/bin:/usr/sbin:/sbin', 'LANG': 'C.UTF-8'} and shell False
DEBUG util.py:597:  Child return code was: 0
DEBUG file_util.py:17:  ensuring that dir exists: /var/lib/mock/centos+epel-7-x86_64/root/proc
DEBUG util.py:623:  child environment: None
DEBUG util.py:541:  Executing command: ['/bin/mount', '-n', '-o', 'rbind', '/proc', '/var/lib/mock/centos+epel-7-x86_64/root/proc'] with env {'TERM': 'vt100', 'SHELL': '/bin/sh', 'HOME': '/builddir', 'HOSTNAME': 'mock', 'PATH': '/usr/bin:/bin:/usr/sbin:/sbin', 'LANG': 'C.UTF-8'} and shell False
DEBUG util.py:597:  Child return code was: 0
DEBUG util.py:623:  child environment: None
DEBUG util.py:541:  Executing command: ['/bin/mount', '-n', '-o', 'remount,nodev,noexec,nosuid,readonly,rprivate,rbind', '--target', '/var/lib/mock/centos+epel-7-x86_64/root/proc'] with env {'TERM': 'vt100', 'SHELL': '/bin/sh', 'HOME': '/builddir', 'HOSTNAME': 'mock', 'PATH': '/usr/bin:/bin:/usr/sbin:/sbin', 'LANG': 'C.UTF-8'} and shell False
DEBUG util.py:597:  Child return code was: 0
DEBUG file_util.py:17:  ensuring that dir exists: /var/lib/mock/centos+epel-7-x86_64/root/sys
DEBUG util.py:623:  child environment: None
DEBUG util.py:541:  Executing command: ['/bin/mount', '-n', '-t', 'tmpfs', '-o', 'rprivate', 'tmpfs', '/var/lib/mock/centos+epel-7-x86_64/root/sys'] with env {'TERM': 'vt100', 'SHELL': '/bin/sh', 'HOME': '/builddir', 'HOSTNAME': 'mock', 'PATH': '/usr/bin:/bin:/usr/sbin:/sbin', 'LANG': 'C.UTF-8'} and shell False
DEBUG util.py:597:  Child return code was: 0
DEBUG file_util.py:17:  ensuring that dir exists: /var/lib/mock/centos+epel-7-x86_64/root/sys
DEBUG util.py:623:  child environment: None
DEBUG util.py:541:  Executing command: ['/bin/mount', '-n', '-o', 'rbind', '/sys', '/var/lib/mock/centos+epel-7-x86_64/root/sys'] with env {'TERM': 'vt100', 'SHELL': '/bin/sh', 'HOME': '/builddir', 'HOSTNAME': 'mock', 'PATH': '/usr/bin:/bin:/usr/sbin:/sbin', 'LANG': 'C.UTF-8'} and shell False
DEBUG util.py:597:  Child return code was: 0
DEBUG util.py:623:  child environment: None
DEBUG util.py:541:  Executing command: ['/bin/mount', '-n', '-o', 'remount,nodev,noexec,nosuid,readonly,rprivate,rbind', '--target', '/var/lib/mock/centos+epel-7-x86_64/root/sys'] with env {'TERM': 'vt100', 'SHELL': '/bin/sh', 'HOME': '/builddir', 'HOSTNAME': 'mock', 'PATH': '/usr/bin:/bin:/usr/sbin:/sbin', 'LANG': 'C.UTF-8'} and shell False
DEBUG util.py:597:  Child return code was: 0
DEBUG file_util.py:17:  ensuring that dir exists: /var/lib/mock/centos+epel-7-x86_64/root/dev/shm
DEBUG util.py:623:  child environment: None
DEBUG util.py:541:  Executing command: ['/bin/mount', '-n', '-t', 'tmpfs', 'tmpfs', '/var/lib/mock/centos+epel-7-x86_64/root/dev/shm'] with env {'TERM': 'vt100', 'SHELL': '/bin/sh', 'HOME': '/builddir', 'HOSTNAME': 'mock', 'PATH': '/usr/bin:/bin:/usr/sbin:/sbin', 'LANG': 'C.UTF-8'} and shell False
DEBUG util.py:597:  Child return code was: 0
DEBUG file_util.py:17:  ensuring that dir exists: /var/lib/mock/centos+epel-7-x86_64/root/dev/pts
DEBUG util.py:623:  child environment: None
DEBUG util.py:541:  Executing command: ['/bin/mount', '-n', '-t', 'devpts', '-o', 'gid=5,mode=0620,ptmxmode=0666,newinstance', 'devpts', '/var/lib/mock/centos+epel-7-x86_64/root/dev/pts'] with env {'TERM': 'vt100', 'SHELL': '/bin/sh', 'HOME': '/builddir', 'HOSTNAME': 'mock', 'PATH': '/usr/bin:/bin:/usr/sbin:/sbin', 'LANG': 'C.UTF-8'} and shell False
DEBUG util.py:597:  Child return code was: 0
DEBUG file_util.py:17:  ensuring that dir exists: /var/lib/mock/centos+epel-7-x86_64/root/sys/fs/selinux
DEBUG util.py:623:  child environment: None
DEBUG util.py:541:  Executing command: ['/bin/mount', '-n', '-t', 'tmpfs', 'tmpfs', '/var/lib/mock/centos+epel-7-x86_64/root/sys/fs/selinux'] with env {'TERM': 'vt100', 'SHELL': '/bin/sh', 'HOME': '/builddir', 'HOSTNAME': 'mock', 'PATH': '/usr/bin:/bin:/usr/sbin:/sbin', 'LANG': 'C.UTF-8'} and shell False
DEBUG util.py:597:  Child return code was: 0
DEBUG file_util.py:17:  ensuring that dir exists: /var/lib/mock/centos+epel-7-x86_64/root/installation-homedir
DEBUG file_util.py:20:  creating dir: /var/lib/mock/centos+epel-7-x86_64/root/installation-homedir
DEBUG package_manager.py:197:  ['/usr/bin/yum', '--installroot', '/var/lib/mock/centos+epel-7-x86_64/root/', '--releasever', '7', 'install', '@buildsys-build']
DEBUG util.py:623:  child environment: None
DEBUG util.py:536:  Using nspawn with args ['--capability=cap_ipc_lock', '--bind=/var/lib/pesign', '--bind=/var/run/pesign', '--bind=/tmp/mock-resolv.g9ffrkfo:/etc/resolv.conf']
DEBUG util.py:541:  Executing command: ['/usr/bin/systemd-nspawn', '-q', '-M', '0bd03271b1e54ac2a3f201f6bf15d57b', '-D', '/var/lib/mock/centos+epel-7-x86_64-bootstrap/root', '-a', '--capability=cap_ipc_lock', '--bind=/var/lib/pesign', '--bind=/var/run/pesign', '--bind=/tmp/mock-resolv.g9ffrkfo:/etc/resolv.conf', '--setenv=TERM=vt100', '--setenv=SHELL=/bin/bash', '--setenv=HOME=/var/lib/mock/centos+epel-7-x86_64/root/installation-homedir', '--setenv=HOSTNAME=mock', '--setenv=PATH=/usr/bin:/bin:/usr/sbin:/sbin', '--setenv=PROMPT_COMMAND=printf "\\033]0;<mock-chroot>\\007"', '--setenv=PS1=<mock-chroot> \\s-\\v\\$ ', '--setenv=LANG=C.UTF-8', '--setenv=LC_MESSAGES=C.UTF-8', '--resolv-conf=off', '/usr/bin/yum', '--installroot', '/var/lib/mock/centos+epel-7-x86_64/root/', '--releasever', '7', 'install', '@buildsys-build', '--setopt=tsflags=nocontexts'] with env {'TERM': 'vt100', 'SHELL': '/bin/bash', 'HOME': '/var/lib/mock/centos+epel-7-x86_64/root/installation-homedir', 'HOSTNAME': 'mock', 'PATH': '/usr/bin:/bin:/usr/sbin:/sbin', 'PROMPT_COMMAND': 'printf "\\033]0;<mock-chroot>\\007"', 'PS1': '<mock-chroot> \\s-\\v\\$ ', 'LANG': 'C.UTF-8', 'LC_MESSAGES': 'C.UTF-8', 'SYSTEMD_NSPAWN_TMPFS_TMP': '0', 'SYSTEMD_SECCOMP': '0'} and shell False
DEBUG util.py:444:  Failed to set locale, defaulting to C
DEBUG util.py:446:  Resolving Dependencies
DEBUG util.py:446:  --> Running transaction check
DEBUG util.py:446:  ---> Package bash.x86_64 0:4.2.46-35_ol002.el7 will be installed
DEBUG util.py:446:  --> Processing Dependency: libc.so.6(GLIBC_2.15)(64bit) for package: bash-4.2.46-35_ol002.el7.x86_64
DEBUG util.py:446:  --> Processing Dependency: libdl.so.2(GLIBC_2.2.5)(64bit) for package: bash-4.2.46-35_ol002.el7.x86_64
DEBUG util.py:446:  --> Processing Dependency: rtld(GNU_HASH) for package: bash-4.2.46-35_ol002.el7.x86_64
DEBUG util.py:446:  --> Processing Dependency: libdl.so.2()(64bit) for package: bash-4.2.46-35_ol002.el7.x86_64
DEBUG util.py:446:  --> Processing Dependency: libtinfo.so.5()(64bit) for package: bash-4.2.46-35_ol002.el7.x86_64
DEBUG util.py:446:  ---> Package bzip2.x86_64 0:1.0.6-13_ol001.el7 will be installed
DEBUG util.py:446:  --> Processing Dependency: bzip2-libs = 1.0.6-13_ol001.el7 for package: bzip2-1.0.6-13_ol001.el7.x86_64
DEBUG util.py:446:  --> Processing Dependency: libbz2.so.1()(64bit) for package: bzip2-1.0.6-13_ol001.el7.x86_64
DEBUG util.py:446:  ---> Package coreutils.x86_64 0:8.22-24_ol001.el7.2 will be installed
DEBUG util.py:446:  --> Processing Dependency: gmp for package: coreutils-8.22-24_ol001.el7.2.x86_64
DEBUG util.py:446:  --> Processing Dependency: libacl.so.1(ACL_1.0)(64bit) for package: coreutils-8.22-24_ol001.el7.2.x86_64
DEBUG util.py:446:  --> Processing Dependency: libattr.so.1(ATTR_1.1)(64bit) for package: coreutils-8.22-24_ol001.el7.2.x86_64
DEBUG util.py:446:  --> Processing Dependency: libcrypto.so.10(libcrypto.so.10)(64bit) for package: coreutils-8.22-24_ol001.el7.2.x86_64
DEBUG util.py:446:  --> Processing Dependency: ncurses for package: coreutils-8.22-24_ol001.el7.2.x86_64
DEBUG util.py:446:  --> Processing Dependency: libacl.so.1()(64bit) for package: coreutils-8.22-24_ol001.el7.2.x86_64
DEBUG util.py:446:  --> Processing Dependency: libattr.so.1()(64bit) for package: coreutils-8.22-24_ol001.el7.2.x86_64
DEBUG util.py:446:  --> Processing Dependency: libcap.so.2()(64bit) for package: coreutils-8.22-24_ol001.el7.2.x86_64
DEBUG util.py:446:  --> Processing Dependency: libcrypto.so.10()(64bit) for package: coreutils-8.22-24_ol001.el7.2.x86_64
DEBUG util.py:446:  --> Processing Dependency: libgmp.so.10()(64bit) for package: coreutils-8.22-24_ol001.el7.2.x86_64
DEBUG util.py:446:  --> Processing Dependency: libselinux.so.1()(64bit) for package: coreutils-8.22-24_ol001.el7.2.x86_64
DEBUG util.py:446:  ---> Package cpio.x86_64 0:2.11-28_ol003.el7 will be installed
DEBUG util.py:446:  ---> Package diffutils.x86_64 0:3.3-6.el7_9 will be installed
DEBUG util.py:446:  ---> Package epel-release.noarch 0:7-14 will be installed
DEBUG util.py:446:  --> Processing Dependency: redhat-release >= 7 for package: epel-release-7-14.noarch
DEBUG util.py:446:  ---> Package epel-rpm-macros.noarch 0:7-38 will be installed
DEBUG util.py:446:  --> Processing Dependency: lua-srpm-macros for package: epel-rpm-macros-7-38.noarch
DEBUG util.py:446:  --> Processing Dependency: perl-generators-epel for package: epel-rpm-macros-7-38.noarch
DEBUG util.py:446:  --> Processing Dependency: python-rpm-macros for package: epel-rpm-macros-7-38.noarch
DEBUG util.py:446:  --> Processing Dependency: python-srpm-macros for package: epel-rpm-macros-7-38.noarch
DEBUG util.py:446:  --> Processing Dependency: python2-rpm-macros for package: epel-rpm-macros-7-38.noarch
DEBUG util.py:446:  ---> Package findutils.x86_64 1:4.5.11-6.el7 will be installed
DEBUG util.py:446:  ---> Package gawk.x86_64 0:4.0.2-4.el7_3.1 will be installed
DEBUG util.py:446:  ---> Package gcc.x86_64 0:4.8.5-44_ol001.el7 will be installed
DEBUG util.py:446:  --> Processing Dependency: cpp = 4.8.5-44_ol001.el7 for package: gcc-4.8.5-44_ol001.el7.x86_64
DEBUG util.py:446:  --> Processing Dependency: libgomp = 4.8.5-44_ol001.el7 for package: gcc-4.8.5-44_ol001.el7.x86_64
DEBUG util.py:446:  --> Processing Dependency: binutils >= 2.20.51.0.2-12 for package: gcc-4.8.5-44_ol001.el7.x86_64
DEBUG util.py:446:  --> Processing Dependency: glibc-devel >= 2.2.90-12 for package: gcc-4.8.5-44_ol001.el7.x86_64
DEBUG util.py:446:  --> Processing Dependency: libgcc >= 4.8.5-44_ol001.el7 for package: gcc-4.8.5-44_ol001.el7.x86_64
DEBUG util.py:446:  --> Processing Dependency: libgcc_s.so.1()(64bit) for package: gcc-4.8.5-44_ol001.el7.x86_64
DEBUG util.py:446:  --> Processing Dependency: libgomp.so.1()(64bit) for package: gcc-4.8.5-44_ol001.el7.x86_64
DEBUG util.py:446:  --> Processing Dependency: libmpc.so.3()(64bit) for package: gcc-4.8.5-44_ol001.el7.x86_64
DEBUG util.py:446:  --> Processing Dependency: libmpfr.so.4()(64bit) for package: gcc-4.8.5-44_ol001.el7.x86_64
DEBUG util.py:446:  --> Processing Dependency: libz.so.1()(64bit) for package: gcc-4.8.5-44_ol001.el7.x86_64
DEBUG util.py:446:  ---> Package gcc-c++.x86_64 0:4.8.5-44_ol001.el7 will be installed
DEBUG util.py:446:  --> Processing Dependency: libstdc++ = 4.8.5-44_ol001.el7 for package: gcc-c++-4.8.5-44_ol001.el7.x86_64
DEBUG util.py:446:  --> Processing Dependency: libstdc++-devel = 4.8.5-44_ol001.el7 for package: gcc-c++-4.8.5-44_ol001.el7.x86_64
DEBUG util.py:446:  --> Processing Dependency: libstdc++.so.6()(64bit) for package: gcc-c++-4.8.5-44_ol001.el7.x86_64
DEBUG util.py:446:  ---> Package grep.x86_64 0:2.20-3.el7 will be installed
DEBUG util.py:446:  --> Processing Dependency: libpcre.so.1()(64bit) for package: grep-2.20-3.el7.x86_64
DEBUG util.py:446:  ---> Package gzip.x86_64 0:1.5-11.el7_9 will be installed
DEBUG util.py:446:  ---> Package info.x86_64 0:5.1-5.el7 will be installed
DEBUG util.py:446:  ---> Package make.x86_64 1:3.82-24.el7 will be installed
DEBUG util.py:446:  ---> Package patch.x86_64 0:2.7.1-12.el7_7 will be installed
DEBUG util.py:446:  ---> Package redhat-rpm-config.noarch 0:9.1.0-88.el7.centos will be installed
DEBUG util.py:446:  --> Processing Dependency: rpm >= 4.9.0 for package: redhat-rpm-config-9.1.0-88.el7.centos.noarch
DEBUG util.py:446:  --> Processing Dependency: dwz >= 0.4 for package: redhat-rpm-config-9.1.0-88.el7.centos.noarch
DEBUG util.py:446:  --> Processing Dependency: zip for package: redhat-rpm-config-9.1.0-88.el7.centos.noarch
DEBUG util.py:446:  --> Processing Dependency: perl-srpm-macros for package: redhat-rpm-config-9.1.0-88.el7.centos.noarch
DEBUG util.py:446:  --> Processing Dependency: perl(Getopt::Long) for package: redhat-rpm-config-9.1.0-88.el7.centos.noarch
DEBUG util.py:446:  --> Processing Dependency: /usr/bin/perl for package: redhat-rpm-config-9.1.0-88.el7.centos.noarch
DEBUG util.py:446:  ---> Package rpm-build.x86_64 0:4.11.3-48_ol003.el7 will be installed
DEBUG util.py:446:  --> Processing Dependency: elfutils >= 0.128 for package: rpm-build-4.11.3-48_ol003.el7.x86_64
DEBUG util.py:446:  --> Processing Dependency: pkgconfig >= 1:0.24 for package: rpm-build-4.11.3-48_ol003.el7.x86_64
DEBUG util.py:446:  --> Processing Dependency: /usr/bin/gdb-add-index for package: rpm-build-4.11.3-48_ol003.el7.x86_64
DEBUG util.py:446:  --> Processing Dependency: file for package: rpm-build-4.11.3-48_ol003.el7.x86_64
DEBUG util.py:446:  --> Processing Dependency: libelf.so.1(ELFUTILS_1.0)(64bit) for package: rpm-build-4.11.3-48_ol003.el7.x86_64
DEBUG util.py:446:  --> Processing Dependency: libpopt.so.0(LIBPOPT_0)(64bit) for package: rpm-build-4.11.3-48_ol003.el7.x86_64
DEBUG util.py:446:  --> Processing Dependency: perl(File::Temp) for package: rpm-build-4.11.3-48_ol003.el7.x86_64
DEBUG util.py:446:  --> Processing Dependency: perl(Thread::Queue) for package: rpm-build-4.11.3-48_ol003.el7.x86_64
DEBUG util.py:446:  --> Processing Dependency: perl(threads) for package: rpm-build-4.11.3-48_ol003.el7.x86_64
DEBUG util.py:446:  --> Processing Dependency: libaudit.so.1()(64bit) for package: rpm-build-4.11.3-48_ol003.el7.x86_64
DEBUG util.py:446:  --> Processing Dependency: libdb-5.3.so()(64bit) for package: rpm-build-4.11.3-48_ol003.el7.x86_64
DEBUG util.py:446:  --> Processing Dependency: libelf.so.1()(64bit) for package: rpm-build-4.11.3-48_ol003.el7.x86_64
DEBUG util.py:446:  --> Processing Dependency: liblua-5.1.so()(64bit) for package: rpm-build-4.11.3-48_ol003.el7.x86_64
DEBUG util.py:446:  --> Processing Dependency: liblzma.so.5()(64bit) for package: rpm-build-4.11.3-48_ol003.el7.x86_64
DEBUG util.py:446:  --> Processing Dependency: libmagic.so.1()(64bit) for package: rpm-build-4.11.3-48_ol003.el7.x86_64
DEBUG util.py:446:  --> Processing Dependency: libnss3.so()(64bit) for package: rpm-build-4.11.3-48_ol003.el7.x86_64
DEBUG util.py:446:  --> Processing Dependency: libpopt.so.0()(64bit) for package: rpm-build-4.11.3-48_ol003.el7.x86_64
DEBUG util.py:446:  --> Processing Dependency: librpm.so.3()(64bit) for package: rpm-build-4.11.3-48_ol003.el7.x86_64
DEBUG util.py:446:  --> Processing Dependency: librpmbuild.so.3()(64bit) for package: rpm-build-4.11.3-48_ol003.el7.x86_64
DEBUG util.py:446:  --> Processing Dependency: librpmio.so.3()(64bit) for package: rpm-build-4.11.3-48_ol003.el7.x86_64
DEBUG util.py:446:  ---> Package sed.x86_64 0:4.2.2-7.el7 will be installed
DEBUG util.py:446:  ---> Package shadow-utils.x86_64 2:4.6-5.el7 will be installed
DEBUG util.py:446:  --> Processing Dependency: setup for package: 2:shadow-utils-4.6-5.el7.x86_64
DEBUG util.py:446:  --> Processing Dependency: libsemanage.so.1(LIBSEMANAGE_1.0)(64bit) for package: 2:shadow-utils-4.6-5.el7.x86_64
DEBUG util.py:446:  --> Processing Dependency: libsemanage.so.1()(64bit) for package: 2:shadow-utils-4.6-5.el7.x86_64
DEBUG util.py:446:  ---> Package tar.x86_64 2:1.26-35_ol001.el7 will be installed
DEBUG util.py:446:  ---> Package unzip.x86_64 0:6.0-24.el7_9 will be installed
DEBUG util.py:446:  ---> Package util-linux.x86_64 0:2.23.2-65.el7_9.1 will be installed
DEBUG util.py:446:  --> Processing Dependency: libuuid = 2.23.2-65.el7_9.1 for package: util-linux-2.23.2-65.el7_9.1.x86_64
DEBUG util.py:446:  --> Processing Dependency: libsmartcols = 2.23.2-65.el7_9.1 for package: util-linux-2.23.2-65.el7_9.1.x86_64
DEBUG util.py:446:  --> Processing Dependency: libmount = 2.23.2-65.el7_9.1 for package: util-linux-2.23.2-65.el7_9.1.x86_64
DEBUG util.py:446:  --> Processing Dependency: libblkid = 2.23.2-65.el7_9.1 for package: util-linux-2.23.2-65.el7_9.1.x86_64
DEBUG util.py:446:  --> Processing Dependency: pam >= 1.1.3-7 for package: util-linux-2.23.2-65.el7_9.1.x86_64
DEBUG util.py:446:  --> Processing Dependency: libuuid.so.1(UUID_1.0)(64bit) for package: util-linux-2.23.2-65.el7_9.1.x86_64
DEBUG util.py:446:  --> Processing Dependency: libutempter.so.0(UTEMPTER_1.1)(64bit) for package: util-linux-2.23.2-65.el7_9.1.x86_64
DEBUG util.py:446:  --> Processing Dependency: libudev.so.1(LIBUDEV_183)(64bit) for package: util-linux-2.23.2-65.el7_9.1.x86_64
DEBUG util.py:446:  --> Processing Dependency: libsystemd.so.0(LIBSYSTEMD_209)(64bit) for package: util-linux-2.23.2-65.el7_9.1.x86_64
DEBUG util.py:446:  --> Processing Dependency: libsmartcols.so.1(SMARTCOLS_2.25)(64bit) for package: util-linux-2.23.2-65.el7_9.1.x86_64
DEBUG util.py:446:  --> Processing Dependency: libpam_misc.so.0(LIBPAM_MISC_1.0)(64bit) for package: util-linux-2.23.2-65.el7_9.1.x86_64
DEBUG util.py:446:  --> Processing Dependency: libpam.so.0(LIBPAM_1.0)(64bit) for package: util-linux-2.23.2-65.el7_9.1.x86_64
DEBUG util.py:446:  --> Processing Dependency: libmount.so.1(MOUNT_2.25)(64bit) for package: util-linux-2.23.2-65.el7_9.1.x86_64
DEBUG util.py:446:  --> Processing Dependency: libmount.so.1(MOUNT_2.23)(64bit) for package: util-linux-2.23.2-65.el7_9.1.x86_64
DEBUG util.py:446:  --> Processing Dependency: libmount.so.1(MOUNT_2.22)(64bit) for package: util-linux-2.23.2-65.el7_9.1.x86_64
DEBUG util.py:446:  --> Processing Dependency: libmount.so.1(MOUNT_2.21)(64bit) for package: util-linux-2.23.2-65.el7_9.1.x86_64
DEBUG util.py:446:  --> Processing Dependency: libmount.so.1(MOUNT_2.20)(64bit) for package: util-linux-2.23.2-65.el7_9.1.x86_64
DEBUG util.py:446:  --> Processing Dependency: libmount.so.1(MOUNT_2.19)(64bit) for package: util-linux-2.23.2-65.el7_9.1.x86_64
DEBUG util.py:446:  --> Processing Dependency: libblkid.so.1(BLKID_2.21)(64bit) for package: util-linux-2.23.2-65.el7_9.1.x86_64
DEBUG util.py:446:  --> Processing Dependency: libblkid.so.1(BLKID_2.20)(64bit) for package: util-linux-2.23.2-65.el7_9.1.x86_64
DEBUG util.py:446:  --> Processing Dependency: libblkid.so.1(BLKID_2.18)(64bit) for package: util-linux-2.23.2-65.el7_9.1.x86_64
DEBUG util.py:446:  --> Processing Dependency: libblkid.so.1(BLKID_2.17)(64bit) for package: util-linux-2.23.2-65.el7_9.1.x86_64
DEBUG util.py:446:  --> Processing Dependency: libblkid.so.1(BLKID_2.15)(64bit) for package: util-linux-2.23.2-65.el7_9.1.x86_64
DEBUG util.py:446:  --> Processing Dependency: libblkid.so.1(BLKID_1.0)(64bit) for package: util-linux-2.23.2-65.el7_9.1.x86_64
DEBUG util.py:446:  --> Processing Dependency: /etc/pam.d/system-auth for package: util-linux-2.23.2-65.el7_9.1.x86_64
DEBUG util.py:446:  --> Processing Dependency: libuuid.so.1()(64bit) for package: util-linux-2.23.2-65.el7_9.1.x86_64
DEBUG util.py:446:  --> Processing Dependency: libutempter.so.0()(64bit) for package: util-linux-2.23.2-65.el7_9.1.x86_64
DEBUG util.py:446:  --> Processing Dependency: libuser.so.1()(64bit) for package: util-linux-2.23.2-65.el7_9.1.x86_64
DEBUG util.py:446:  --> Processing Dependency: libudev.so.1()(64bit) for package: util-linux-2.23.2-65.el7_9.1.x86_64
DEBUG util.py:446:  --> Processing Dependency: libsystemd.so.0()(64bit) for package: util-linux-2.23.2-65.el7_9.1.x86_64
DEBUG util.py:446:  --> Processing Dependency: libsmartcols.so.1()(64bit) for package: util-linux-2.23.2-65.el7_9.1.x86_64
DEBUG util.py:446:  --> Processing Dependency: libpam_misc.so.0()(64bit) for package: util-linux-2.23.2-65.el7_9.1.x86_64
DEBUG util.py:446:  --> Processing Dependency: libpam.so.0()(64bit) for package: util-linux-2.23.2-65.el7_9.1.x86_64
DEBUG util.py:446:  --> Processing Dependency: libmount.so.1()(64bit) for package: util-linux-2.23.2-65.el7_9.1.x86_64
DEBUG util.py:446:  --> Processing Dependency: libcap-ng.so.0()(64bit) for package: util-linux-2.23.2-65.el7_9.1.x86_64
DEBUG util.py:446:  --> Processing Dependency: libblkid.so.1()(64bit) for package: util-linux-2.23.2-65.el7_9.1.x86_64
DEBUG util.py:446:  ---> Package which.x86_64 0:2.20-7.el7 will be installed
DEBUG util.py:446:  ---> Package xz.x86_64 0:5.2.2-2.el7_9 will be installed
DEBUG util.py:446:  --> Running transaction check
DEBUG util.py:446:  ---> Package audit-libs.x86_64 0:2.8.5-4.el7 will be installed
DEBUG util.py:446:  ---> Package binutils.x86_64 0:2.27-44.base_ol005.el7.1 will be installed
DEBUG util.py:446:  --> Processing Dependency: /usr/sbin/alternatives for package: binutils-2.27-44.base_ol005.el7.1.x86_64
DEBUG util.py:446:  --> Processing Dependency: /usr/sbin/alternatives for package: binutils-2.27-44.base_ol005.el7.1.x86_64
DEBUG util.py:446:  ---> Package bzip2-libs.x86_64 0:1.0.6-13_ol001.el7 will be installed
DEBUG util.py:446:  ---> Package centos-release.x86_64 0:7-9.2009.2.el7.centos will be installed
DEBUG util.py:446:  ---> Package cpp.x86_64 0:4.8.5-44_ol001.el7 will be installed
DEBUG util.py:446:  --> Processing Dependency: filesystem >= 3 for package: cpp-4.8.5-44_ol001.el7.x86_64
DEBUG util.py:446:  ---> Package dwz.x86_64 0:0.11-3.el7 will be installed
DEBUG util.py:446:  ---> Package elfutils.x86_64 0:0.176-5.el7 will be installed
DEBUG util.py:446:  --> Processing Dependency: elfutils-libs(x86-64) = 0.176-5.el7 for package: elfutils-0.176-5.el7.x86_64
DEBUG util.py:446:  --> Processing Dependency: libdw.so.1(ELFUTILS_0.175)(64bit) for package: elfutils-0.176-5.el7.x86_64
DEBUG util.py:446:  --> Processing Dependency: libdw.so.1(ELFUTILS_0.173)(64bit) for package: elfutils-0.176-5.el7.x86_64
DEBUG util.py:446:  --> Processing Dependency: libdw.so.1(ELFUTILS_0.171)(64bit) for package: elfutils-0.176-5.el7.x86_64
DEBUG util.py:446:  --> Processing Dependency: libdw.so.1(ELFUTILS_0.167)(64bit) for package: elfutils-0.176-5.el7.x86_64
DEBUG util.py:446:  --> Processing Dependency: libdw.so.1(ELFUTILS_0.165)(64bit) for package: elfutils-0.176-5.el7.x86_64
DEBUG util.py:446:  --> Processing Dependency: libdw.so.1(ELFUTILS_0.161)(64bit) for package: elfutils-0.176-5.el7.x86_64
DEBUG util.py:446:  --> Processing Dependency: libdw.so.1(ELFUTILS_0.160)(64bit) for package: elfutils-0.176-5.el7.x86_64
DEBUG util.py:446:  --> Processing Dependency: libdw.so.1(ELFUTILS_0.159)(64bit) for package: elfutils-0.176-5.el7.x86_64
DEBUG util.py:446:  --> Processing Dependency: libdw.so.1(ELFUTILS_0.158)(64bit) for package: elfutils-0.176-5.el7.x86_64
DEBUG util.py:446:  --> Processing Dependency: libdw.so.1(ELFUTILS_0.149)(64bit) for package: elfutils-0.176-5.el7.x86_64
DEBUG util.py:446:  --> Processing Dependency: libdw.so.1(ELFUTILS_0.148)(64bit) for package: elfutils-0.176-5.el7.x86_64
DEBUG util.py:446:  --> Processing Dependency: libdw.so.1(ELFUTILS_0.138)(64bit) for package: elfutils-0.176-5.el7.x86_64
DEBUG util.py:446:  --> Processing Dependency: libdw.so.1(ELFUTILS_0.130)(64bit) for package: elfutils-0.176-5.el7.x86_64
DEBUG util.py:446:  --> Processing Dependency: libdw.so.1(ELFUTILS_0.127)(64bit) for package: elfutils-0.176-5.el7.x86_64
DEBUG util.py:446:  --> Processing Dependency: libdw.so.1(ELFUTILS_0.126)(64bit) for package: elfutils-0.176-5.el7.x86_64
DEBUG util.py:446:  --> Processing Dependency: libdw.so.1(ELFUTILS_0.122)(64bit) for package: elfutils-0.176-5.el7.x86_64
DEBUG util.py:446:  --> Processing Dependency: libasm.so.1(ELFUTILS_1.0)(64bit) for package: elfutils-0.176-5.el7.x86_64
DEBUG util.py:446:  --> Processing Dependency: libdw.so.1()(64bit) for package: elfutils-0.176-5.el7.x86_64
DEBUG util.py:446:  --> Processing Dependency: libasm.so.1()(64bit) for package: elfutils-0.176-5.el7.x86_64
DEBUG util.py:446:  ---> Package elfutils-libelf.x86_64 0:0.176-5.el7 will be installed
DEBUG util.py:446:  ---> Package file.x86_64 0:5.11-37.el7 will be installed
DEBUG util.py:446:  ---> Package file-libs.x86_64 0:5.11-37.el7 will be installed
DEBUG util.py:446:  ---> Package gdb.x86_64 0:7.6.1-120.el7 will be installed
DEBUG util.py:446:  --> Processing Dependency: libreadline.so.6()(64bit) for package: gdb-7.6.1-120.el7.x86_64
DEBUG util.py:446:  --> Processing Dependency: libpython2.7.so.1.0()(64bit) for package: gdb-7.6.1-120.el7.x86_64
DEBUG util.py:446:  --> Processing Dependency: libexpat.so.1()(64bit) for package: gdb-7.6.1-120.el7.x86_64
DEBUG util.py:446:  ---> Package glibc.x86_64 0:2.17-326_ol010.el7_9.3 will be installed
DEBUG util.py:446:  --> Processing Dependency: glibc-common = 2.17-326_ol010.el7_9.3 for package: glibc-2.17-326_ol010.el7_9.3.x86_64
DEBUG util.py:446:  --> Processing Dependency: basesystem for package: glibc-2.17-326_ol010.el7_9.3.x86_64
DEBUG util.py:446:  --> Processing Dependency: libfreebl3.so(NSSRAWHASH_3.12.3)(64bit) for package: glibc-2.17-326_ol010.el7_9.3.x86_64
DEBUG util.py:446:  --> Processing Dependency: libfreebl3.so()(64bit) for package: glibc-2.17-326_ol010.el7_9.3.x86_64
DEBUG util.py:446:  ---> Package glibc-devel.x86_64 0:2.17-326_ol010.el7_9.3 will be installed
DEBUG util.py:446:  --> Processing Dependency: glibc-headers = 2.17-326_ol010.el7_9.3 for package: glibc-devel-2.17-326_ol010.el7_9.3.x86_64
DEBUG util.py:446:  --> Processing Dependency: glibc-headers for package: glibc-devel-2.17-326_ol010.el7_9.3.x86_64
DEBUG util.py:446:  ---> Package gmp.x86_64 1:6.0.0-15.el7 will be installed
DEBUG util.py:446:  ---> Package libacl.x86_64 0:2.2.51-15.el7 will be installed
DEBUG util.py:446:  ---> Package libattr.x86_64 0:2.4.46-13.el7 will be installed
DEBUG util.py:446:  ---> Package libblkid.x86_64 0:2.23.2-65.el7_9.1 will be installed
DEBUG util.py:446:  ---> Package libcap.x86_64 0:2.22-11.el7 will be installed
DEBUG util.py:446:  ---> Package libcap-ng.x86_64 0:0.7.5-4.el7 will be installed
DEBUG util.py:446:  ---> Package libdb.x86_64 0:5.3.21-25.el7 will be installed
DEBUG util.py:446:  ---> Package libgcc.x86_64 0:4.8.5-44_ol001.el7 will be installed
DEBUG util.py:446:  ---> Package libgomp.x86_64 0:4.8.5-44_ol001.el7 will be installed
DEBUG util.py:446:  ---> Package libmount.x86_64 0:2.23.2-65.el7_9.1 will be installed
DEBUG util.py:446:  ---> Package libmpc.x86_64 0:1.0.1-3.el7 will be installed
DEBUG util.py:446:  ---> Package libselinux.x86_64 0:2.5-15.el7 will be installed
DEBUG util.py:446:  --> Processing Dependency: libsepol(x86-64) >= 2.5-10 for package: libselinux-2.5-15.el7.x86_64
DEBUG util.py:446:  --> Processing Dependency: libsepol.so.1(LIBSEPOL_1.0)(64bit) for package: libselinux-2.5-15.el7.x86_64
DEBUG util.py:446:  --> Processing Dependency: libsepol.so.1()(64bit) for package: libselinux-2.5-15.el7.x86_64
DEBUG util.py:446:  ---> Package libsemanage.x86_64 0:2.5-14.el7 will be installed
DEBUG util.py:446:  --> Processing Dependency: libustr-1.0.so.1(USTR_1.0.1)(64bit) for package: libsemanage-2.5-14.el7.x86_64
DEBUG util.py:446:  --> Processing Dependency: libustr-1.0.so.1(USTR_1.0)(64bit) for package: libsemanage-2.5-14.el7.x86_64
DEBUG util.py:446:  --> Processing Dependency: libustr-1.0.so.1()(64bit) for package: libsemanage-2.5-14.el7.x86_64
DEBUG util.py:446:  ---> Package libsmartcols.x86_64 0:2.23.2-65.el7_9.1 will be installed
DEBUG util.py:446:  ---> Package libstdc++.x86_64 0:4.8.5-44_ol001.el7 will be installed
DEBUG util.py:446:  ---> Package libstdc++-devel.x86_64 0:4.8.5-44_ol001.el7 will be installed
DEBUG util.py:446:  ---> Package libuser.x86_64 0:0.60-9.el7 will be installed
DEBUG util.py:446:  --> Processing Dependency: libldap-2.4.so.2()(64bit) for package: libuser-0.60-9.el7.x86_64
DEBUG util.py:446:  --> Processing Dependency: libgobject-2.0.so.0()(64bit) for package: libuser-0.60-9.el7.x86_64
DEBUG util.py:446:  --> Processing Dependency: libgmodule-2.0.so.0()(64bit) for package: libuser-0.60-9.el7.x86_64
DEBUG util.py:446:  --> Processing Dependency: libglib-2.0.so.0()(64bit) for package: libuser-0.60-9.el7.x86_64
DEBUG util.py:446:  ---> Package libutempter.x86_64 0:1.1.6-4.el7 will be installed
DEBUG util.py:446:  ---> Package libuuid.x86_64 0:2.23.2-65.el7_9.1 will be installed
DEBUG util.py:446:  ---> Package lua.x86_64 0:5.1.4-15.el7 will be installed
DEBUG util.py:446:  ---> Package lua-srpm-macros.noarch 0:1-13.el7 will be installed
DEBUG util.py:446:  ---> Package mpfr.x86_64 0:3.1.1-4.el7 will be installed
DEBUG util.py:446:  ---> Package ncurses.x86_64 0:5.9-14.20130511_ol001.el7_4 will be installed
DEBUG util.py:446:  ---> Package ncurses-libs.x86_64 0:5.9-14.20130511_ol001.el7_4 will be installed
DEBUG util.py:446:  --> Processing Dependency: ncurses-base = 5.9-14.20130511_ol001.el7_4 for package: ncurses-libs-5.9-14.20130511_ol001.el7_4.x86_64
DEBUG util.py:446:  ---> Package nss.x86_64 0:3.90.0-2.el7_9 will be installed
DEBUG util.py:446:  --> Processing Dependency: nss-util >= 3.90.0-1 for package: nss-3.90.0-2.el7_9.x86_64
DEBUG util.py:446:  --> Processing Dependency: nss-softokn(x86-64) >= 3.90.0-1 for package: nss-3.90.0-2.el7_9.x86_64
DEBUG util.py:446:  --> Processing Dependency: nspr >= 4.35.0 for package: nss-3.90.0-2.el7_9.x86_64
DEBUG util.py:446:  --> Processing Dependency: nss-system-init for package: nss-3.90.0-2.el7_9.x86_64
DEBUG util.py:446:  --> Processing Dependency: nss-pem(x86-64) for package: nss-3.90.0-2.el7_9.x86_64
DEBUG util.py:446:  --> Processing Dependency: libnssutil3.so(NSSUTIL_3.82)(64bit) for package: nss-3.90.0-2.el7_9.x86_64
DEBUG util.py:446:  --> Processing Dependency: libnssutil3.so(NSSUTIL_3.59)(64bit) for package: nss-3.90.0-2.el7_9.x86_64
DEBUG util.py:446:  --> Processing Dependency: libnssutil3.so(NSSUTIL_3.39)(64bit) for package: nss-3.90.0-2.el7_9.x86_64
DEBUG util.py:446:  --> Processing Dependency: libnssutil3.so(NSSUTIL_3.38)(64bit) for package: nss-3.90.0-2.el7_9.x86_64
DEBUG util.py:446:  --> Processing Dependency: libnssutil3.so(NSSUTIL_3.31)(64bit) for package: nss-3.90.0-2.el7_9.x86_64
DEBUG util.py:446:  --> Processing Dependency: libnssutil3.so(NSSUTIL_3.24)(64bit) for package: nss-3.90.0-2.el7_9.x86_64
DEBUG util.py:446:  --> Processing Dependency: libnssutil3.so(NSSUTIL_3.21)(64bit) for package: nss-3.90.0-2.el7_9.x86_64
DEBUG util.py:446:  --> Processing Dependency: libnssutil3.so(NSSUTIL_3.17.1)(64bit) for package: nss-3.90.0-2.el7_9.x86_64
DEBUG util.py:446:  --> Processing Dependency: libnssutil3.so(NSSUTIL_3.15)(64bit) for package: nss-3.90.0-2.el7_9.x86_64
DEBUG util.py:446:  --> Processing Dependency: libnssutil3.so(NSSUTIL_3.14)(64bit) for package: nss-3.90.0-2.el7_9.x86_64
DEBUG util.py:446:  --> Processing Dependency: libnssutil3.so(NSSUTIL_3.13)(64bit) for package: nss-3.90.0-2.el7_9.x86_64
DEBUG util.py:446:  --> Processing Dependency: libnssutil3.so(NSSUTIL_3.12.5)(64bit) for package: nss-3.90.0-2.el7_9.x86_64
DEBUG util.py:446:  --> Processing Dependency: libnssutil3.so(NSSUTIL_3.12.3)(64bit) for package: nss-3.90.0-2.el7_9.x86_64
DEBUG util.py:446:  --> Processing Dependency: libnssutil3.so(NSSUTIL_3.12)(64bit) for package: nss-3.90.0-2.el7_9.x86_64
DEBUG util.py:446:  --> Processing Dependency: libplds4.so()(64bit) for package: nss-3.90.0-2.el7_9.x86_64
DEBUG util.py:446:  --> Processing Dependency: libplc4.so()(64bit) for package: nss-3.90.0-2.el7_9.x86_64
DEBUG util.py:446:  --> Processing Dependency: libnssutil3.so()(64bit) for package: nss-3.90.0-2.el7_9.x86_64
DEBUG util.py:446:  --> Processing Dependency: libnspr4.so()(64bit) for package: nss-3.90.0-2.el7_9.x86_64
DEBUG util.py:446:  ---> Package openssl-libs.x86_64 1:1.0.2k-26_ol002.el7_9 will be installed
DEBUG util.py:446:  --> Processing Dependency: ca-certificates >= 2008-5 for package: 1:openssl-libs-1.0.2k-26_ol002.el7_9.x86_64
DEBUG util.py:446:  --> Processing Dependency: libk5crypto.so.3(k5crypto_3_MIT)(64bit) for package: 1:openssl-libs-1.0.2k-26_ol002.el7_9.x86_64
DEBUG util.py:446:  --> Processing Dependency: libkrb5.so.3(krb5_3_MIT)(64bit) for package: 1:openssl-libs-1.0.2k-26_ol002.el7_9.x86_64
DEBUG util.py:446:  --> Processing Dependency: libcom_err.so.2()(64bit) for package: 1:openssl-libs-1.0.2k-26_ol002.el7_9.x86_64
DEBUG util.py:446:  --> Processing Dependency: libgssapi_krb5.so.2()(64bit) for package: 1:openssl-libs-1.0.2k-26_ol002.el7_9.x86_64
DEBUG util.py:446:  --> Processing Dependency: libk5crypto.so.3()(64bit) for package: 1:openssl-libs-1.0.2k-26_ol002.el7_9.x86_64
DEBUG util.py:446:  --> Processing Dependency: libkrb5.so.3()(64bit) for package: 1:openssl-libs-1.0.2k-26_ol002.el7_9.x86_64
DEBUG util.py:446:  ---> Package pam.x86_64 0:1.1.8-23.el7 will be installed
DEBUG util.py:446:  --> Processing Dependency: libpwquality >= 0.9.9 for package: pam-1.1.8-23.el7.x86_64
DEBUG util.py:446:  --> Processing Dependency: cracklib-dicts >= 2.8 for package: pam-1.1.8-23.el7.x86_64
DEBUG util.py:446:  --> Processing Dependency: libcrack.so.2()(64bit) for package: pam-1.1.8-23.el7.x86_64
DEBUG util.py:446:  ---> Package pcre.x86_64 0:8.32-17_ol002.el7 will be installed
DEBUG util.py:446:  ---> Package perl.x86_64 4:5.16.3-299_ol004.el7 will be installed
DEBUG util.py:446:  --> Processing Dependency: perl-libs = 4:5.16.3-299_ol004.el7 for package: 4:perl-5.16.3-299_ol004.el7.x86_64
DEBUG util.py:446:  --> Processing Dependency: perl(Scalar::Util) >= 1.10 for package: 4:perl-5.16.3-299_ol004.el7.x86_64
DEBUG util.py:446:  --> Processing Dependency: perl(Socket) >= 1.3 for package: 4:perl-5.16.3-299_ol004.el7.x86_64
DEBUG util.py:446:  --> Processing Dependency: perl(Carp) for package: 4:perl-5.16.3-299_ol004.el7.x86_64
DEBUG util.py:446:  --> Processing Dependency: perl(Cwd) for package: 4:perl-5.16.3-299_ol004.el7.x86_64
DEBUG util.py:446:  --> Processing Dependency: perl(Exporter) for package: 4:perl-5.16.3-299_ol004.el7.x86_64
DEBUG util.py:446:  --> Processing Dependency: perl(File::Path) for package: 4:perl-5.16.3-299_ol004.el7.x86_64
DEBUG util.py:446:  --> Processing Dependency: perl(File::Spec) for package: 4:perl-5.16.3-299_ol004.el7.x86_64
DEBUG util.py:446:  --> Processing Dependency: perl(File::Spec::Functions) for package: 4:perl-5.16.3-299_ol004.el7.x86_64
DEBUG util.py:446:  --> Processing Dependency: perl(File::Spec::Unix) for package: 4:perl-5.16.3-299_ol004.el7.x86_64
DEBUG util.py:446:  --> Processing Dependency: perl(Filter::Util::Call) for package: 4:perl-5.16.3-299_ol004.el7.x86_64
DEBUG util.py:446:  --> Processing Dependency: perl(Pod::Simple::Search) for package: 4:perl-5.16.3-299_ol004.el7.x86_64
DEBUG util.py:446:  --> Processing Dependency: perl(Pod::Simple::XHTML) for package: 4:perl-5.16.3-299_ol004.el7.x86_64
DEBUG util.py:446:  --> Processing Dependency: perl(Scalar::Util) for package: 4:perl-5.16.3-299_ol004.el7.x86_64
DEBUG util.py:446:  --> Processing Dependency: perl(Socket) for package: 4:perl-5.16.3-299_ol004.el7.x86_64
DEBUG util.py:446:  --> Processing Dependency: perl(Storable) for package: 4:perl-5.16.3-299_ol004.el7.x86_64
DEBUG util.py:446:  --> Processing Dependency: perl(Time::HiRes) for package: 4:perl-5.16.3-299_ol004.el7.x86_64
DEBUG util.py:446:  --> Processing Dependency: perl(Time::Local) for package: 4:perl-5.16.3-299_ol004.el7.x86_64
DEBUG util.py:446:  --> Processing Dependency: perl(constant) for package: 4:perl-5.16.3-299_ol004.el7.x86_64
DEBUG util.py:446:  --> Processing Dependency: perl(threads::shared) for package: 4:perl-5.16.3-299_ol004.el7.x86_64
DEBUG util.py:446:  --> Processing Dependency: perl-libs for package: 4:perl-5.16.3-299_ol004.el7.x86_64
DEBUG util.py:446:  --> Processing Dependency: perl-macros for package: 4:perl-5.16.3-299_ol004.el7.x86_64
DEBUG util.py:446:  --> Processing Dependency: libgdbm.so.4()(64bit) for package: 4:perl-5.16.3-299_ol004.el7.x86_64
DEBUG util.py:446:  --> Processing Dependency: libgdbm_compat.so.4()(64bit) for package: 4:perl-5.16.3-299_ol004.el7.x86_64
DEBUG util.py:446:  --> Processing Dependency: libperl.so()(64bit) for package: 4:perl-5.16.3-299_ol004.el7.x86_64
DEBUG util.py:446:  ---> Package perl-File-Temp.noarch 0:0.23.01-3.el7 will be installed
DEBUG util.py:446:  ---> Package perl-Getopt-Long.noarch 0:2.40-3.el7 will be installed
DEBUG util.py:446:  --> Processing Dependency: perl(Pod::Usage) >= 1.14 for package: perl-Getopt-Long-2.40-3.el7.noarch
DEBUG util.py:446:  --> Processing Dependency: perl(Text::ParseWords) for package: perl-Getopt-Long-2.40-3.el7.noarch
DEBUG util.py:446:  ---> Package perl-Thread-Queue.noarch 0:3.02-2.el7 will be installed
DEBUG util.py:446:  ---> Package perl-generators-epel.noarch 0:1-1.el7 will be installed
DEBUG util.py:446:  ---> Package perl-srpm-macros.noarch 0:1-8.el7 will be installed
DEBUG util.py:446:  ---> Package perl-threads.x86_64 0:1.87-4.el7 will be installed
DEBUG util.py:446:  ---> Package pkgconfig.x86_64 1:0.27.1-4.el7 will be installed
DEBUG util.py:446:  ---> Package popt.x86_64 0:1.13-16.el7 will be installed
DEBUG util.py:446:  ---> Package python-rpm-macros.noarch 0:3-34.el7 will be installed
DEBUG util.py:446:  ---> Package python-srpm-macros.noarch 0:3-34.el7 will be installed
DEBUG util.py:446:  ---> Package python2-rpm-macros.noarch 0:3-34.el7 will be installed
DEBUG util.py:446:  ---> Package rpm.x86_64 0:4.11.3-48_ol003.el7 will be installed
DEBUG util.py:446:  --> Processing Dependency: /usr/bin/db_stat for package: rpm-4.11.3-48_ol003.el7.x86_64
DEBUG util.py:446:  --> Processing Dependency: curl for package: rpm-4.11.3-48_ol003.el7.x86_64
DEBUG util.py:446:  ---> Package rpm-build-libs.x86_64 0:4.11.3-48_ol003.el7 will be installed
DEBUG util.py:446:  --> Processing Dependency: /usr/bin/gpg2 for package: rpm-build-libs-4.11.3-48_ol003.el7.x86_64
DEBUG util.py:446:  ---> Package rpm-libs.x86_64 0:4.11.3-48_ol003.el7 will be installed
DEBUG util.py:446:  ---> Package setup.noarch 0:2.8.71-11.el7 will be installed
DEBUG util.py:446:  ---> Package systemd-libs.x86_64 0:219-78_ol004.el7.9 will be installed
DEBUG util.py:446:  --> Processing Dependency: libgcrypt.so.11(GCRYPT_1.2)(64bit) for package: systemd-libs-219-78_ol004.el7.9.x86_64
DEBUG util.py:446:  --> Processing Dependency: libgcrypt.so.11()(64bit) for package: systemd-libs-219-78_ol004.el7.9.x86_64
DEBUG util.py:446:  --> Processing Dependency: libgpg-error.so.0()(64bit) for package: systemd-libs-219-78_ol004.el7.9.x86_64
DEBUG util.py:446:  --> Processing Dependency: liblz4.so.1()(64bit) for package: systemd-libs-219-78_ol004.el7.9.x86_64
DEBUG util.py:446:  ---> Package xz-libs.x86_64 0:5.2.2-2.el7_9 will be installed
DEBUG util.py:446:  ---> Package zip.x86_64 0:3.0-11.el7 will be installed
DEBUG util.py:446:  ---> Package zlib.x86_64 0:1.2.7-21_ol002.el7_9 will be installed
DEBUG util.py:446:  --> Running transaction check
DEBUG util.py:446:  ---> Package basesystem.noarch 0:10.0-7.el7.centos will be installed
DEBUG util.py:446:  ---> Package ca-certificates.noarch 0:2023.2.60_v7.0.306-72.el7_9 will be installed
DEBUG util.py:446:  --> Processing Dependency: p11-kit-trust >= 0.23.5 for package: ca-certificates-2023.2.60_v7.0.306-72.el7_9.noarch
DEBUG util.py:446:  --> Processing Dependency: p11-kit >= 0.23.5 for package: ca-certificates-2023.2.60_v7.0.306-72.el7_9.noarch
DEBUG util.py:446:  ---> Package chkconfig.x86_64 0:1.7.6-1.el7 will be installed
DEBUG util.py:446:  ---> Package cracklib.x86_64 0:2.9.0-11.el7 will be installed
DEBUG util.py:446:  ---> Package cracklib-dicts.x86_64 0:2.9.0-11.el7 will be installed
DEBUG util.py:446:  ---> Package curl.x86_64 0:7.29.0-59.el7_9.2 will be installed
DEBUG util.py:446:  --> Processing Dependency: libcurl = 7.29.0-59.el7_9.2 for package: curl-7.29.0-59.el7_9.2.x86_64
DEBUG util.py:446:  --> Processing Dependency: libcurl.so.4()(64bit) for package: curl-7.29.0-59.el7_9.2.x86_64
DEBUG util.py:446:  ---> Package elfutils-libs.x86_64 0:0.176-5.el7 will be installed
DEBUG util.py:446:  --> Processing Dependency: default-yama-scope for package: elfutils-libs-0.176-5.el7.x86_64
DEBUG util.py:446:  ---> Package expat.x86_64 0:2.1.0-15_ol009.el7 will be installed
DEBUG util.py:446:  ---> Package filesystem.x86_64 0:3.2-25.el7 will be installed
DEBUG util.py:446:  ---> Package gdbm.x86_64 0:1.10-8.el7 will be installed
DEBUG util.py:446:  ---> Package glib2.x86_64 0:2.56.1-9_ol008.el7 will be installed
DEBUG util.py:446:  --> Processing Dependency: shared-mime-info for package: glib2-2.56.1-9_ol008.el7.x86_64
DEBUG util.py:446:  --> Processing Dependency: libffi.so.6()(64bit) for package: glib2-2.56.1-9_ol008.el7.x86_64
DEBUG util.py:446:  ---> Package glibc-common.x86_64 0:2.17-326_ol010.el7_9.3 will be installed
DEBUG util.py:446:  --> Processing Dependency: tzdata >= 2003a for package: glibc-common-2.17-326_ol010.el7_9.3.x86_64
DEBUG util.py:446:  ---> Package glibc-headers.x86_64 0:2.17-326_ol010.el7_9.3 will be installed
DEBUG util.py:446:  --> Processing Dependency: kernel-headers >= 2.2.1 for package: glibc-headers-2.17-326_ol010.el7_9.3.x86_64
DEBUG util.py:446:  --> Processing Dependency: kernel-headers for package: glibc-headers-2.17-326_ol010.el7_9.3.x86_64
DEBUG util.py:446:  ---> Package gnupg2.x86_64 0:2.0.22-5.el7_5 will be installed
DEBUG util.py:446:  --> Processing Dependency: pinentry for package: gnupg2-2.0.22-5.el7_5.x86_64
DEBUG util.py:446:  --> Processing Dependency: libassuan.so.0(LIBASSUAN_1.0)(64bit) for package: gnupg2-2.0.22-5.el7_5.x86_64
DEBUG util.py:446:  --> Processing Dependency: libpth.so.20()(64bit) for package: gnupg2-2.0.22-5.el7_5.x86_64
DEBUG util.py:446:  --> Processing Dependency: libassuan.so.0()(64bit) for package: gnupg2-2.0.22-5.el7_5.x86_64
DEBUG util.py:446:  ---> Package krb5-libs.x86_64 0:1.15.1-55_ol004.el7_9 will be installed
DEBUG util.py:446:  --> Processing Dependency: keyutils-libs >= 1.5.8 for package: krb5-libs-1.15.1-55_ol004.el7_9.x86_64
DEBUG util.py:446:  --> Processing Dependency: libkeyutils.so.1(KEYUTILS_0.3)(64bit) for package: krb5-libs-1.15.1-55_ol004.el7_9.x86_64
DEBUG util.py:446:  --> Processing Dependency: libkeyutils.so.1(KEYUTILS_1.0)(64bit) for package: krb5-libs-1.15.1-55_ol004.el7_9.x86_64
DEBUG util.py:446:  --> Processing Dependency: libkeyutils.so.1(KEYUTILS_1.5)(64bit) for package: krb5-libs-1.15.1-55_ol004.el7_9.x86_64
DEBUG util.py:446:  --> Processing Dependency: libkeyutils.so.1()(64bit) for package: krb5-libs-1.15.1-55_ol004.el7_9.x86_64
DEBUG util.py:446:  --> Processing Dependency: libverto.so.1()(64bit) for package: krb5-libs-1.15.1-55_ol004.el7_9.x86_64
DEBUG util.py:446:  ---> Package libcom_err.x86_64 0:1.42.9-19.el7 will be installed
DEBUG util.py:446:  ---> Package libdb-utils.x86_64 0:5.3.21-25.el7 will be installed
DEBUG util.py:446:  ---> Package libgcrypt.x86_64 0:1.5.3-14_ol001.el7 will be installed
DEBUG util.py:446:  ---> Package libgpg-error.x86_64 0:1.12-3.el7 will be installed
DEBUG util.py:446:  ---> Package libpwquality.x86_64 0:1.2.3-5.el7 will be installed
DEBUG util.py:446:  ---> Package libsepol.x86_64 0:2.5-10.el7 will be installed
DEBUG util.py:446:  ---> Package lz4.x86_64 0:1.8.3-1.el7 will be installed
DEBUG util.py:446:  ---> Package ncurses-base.noarch 0:5.9-14.20130511_ol001.el7_4 will be installed
DEBUG util.py:446:  ---> Package nspr.x86_64 0:4.35.0-1.el7_9 will be installed
DEBUG util.py:446:  ---> Package nss-pem.x86_64 0:1.0.3-7.el7_9.1 will be installed
DEBUG util.py:446:  ---> Package nss-softokn.x86_64 0:3.90.0-6.el7_9 will be installed
DEBUG util.py:446:  --> Processing Dependency: libsqlite3.so.0()(64bit) for package: nss-softokn-3.90.0-6.el7_9.x86_64
DEBUG util.py:446:  ---> Package nss-softokn-freebl.x86_64 0:3.90.0-6.el7_9 will be installed
DEBUG util.py:446:  ---> Package nss-sysinit.x86_64 0:3.90.0-2.el7_9 will be installed
DEBUG util.py:446:  ---> Package nss-util.x86_64 0:3.90.0-1.el7_9 will be installed
DEBUG util.py:446:  ---> Package openldap.x86_64 0:2.4.44-25_ol005.el7_9 will be installed
DEBUG util.py:446:  --> Processing Dependency: nss-tools for package: openldap-2.4.44-25_ol005.el7_9.x86_64
DEBUG util.py:446:  --> Processing Dependency: libsasl2.so.3()(64bit) for package: openldap-2.4.44-25_ol005.el7_9.x86_64
DEBUG util.py:446:  ---> Package perl-Carp.noarch 0:1.26-244.el7 will be installed
DEBUG util.py:446:  ---> Package perl-Exporter.noarch 0:5.68-3.el7 will be installed
DEBUG util.py:446:  ---> Package perl-File-Path.noarch 0:2.09-2.el7 will be installed
DEBUG util.py:446:  ---> Package perl-Filter.x86_64 0:1.49-3.el7 will be installed
DEBUG util.py:446:  ---> Package perl-PathTools.x86_64 0:3.40-5.el7 will be installed
DEBUG util.py:446:  ---> Package perl-Pod-Simple.noarch 1:3.28-4.el7 will be installed
DEBUG util.py:446:  --> Processing Dependency: perl(Pod::Escapes) >= 1.04 for package: 1:perl-Pod-Simple-3.28-4.el7.noarch
DEBUG util.py:446:  --> Processing Dependency: perl(Encode) for package: 1:perl-Pod-Simple-3.28-4.el7.noarch
DEBUG util.py:446:  ---> Package perl-Pod-Usage.noarch 0:1.63-3.el7 will be installed
DEBUG util.py:446:  --> Processing Dependency: perl(Pod::Text) >= 3.15 for package: perl-Pod-Usage-1.63-3.el7.noarch
DEBUG util.py:446:  --> Processing Dependency: perl-Pod-Perldoc for package: perl-Pod-Usage-1.63-3.el7.noarch
DEBUG util.py:446:  ---> Package perl-Scalar-List-Utils.x86_64 0:1.27-248.el7 will be installed
DEBUG util.py:446:  ---> Package perl-Socket.x86_64 0:2.010-5.el7 will be installed
DEBUG util.py:446:  ---> Package perl-Storable.x86_64 0:2.45-3.el7 will be installed
DEBUG util.py:446:  ---> Package perl-Text-ParseWords.noarch 0:3.29-4.el7 will be installed
DEBUG util.py:446:  ---> Package perl-Time-HiRes.x86_64 4:1.9725-3.el7 will be installed
DEBUG util.py:446:  ---> Package perl-Time-Local.noarch 0:1.2300-2.el7 will be installed
DEBUG util.py:446:  ---> Package perl-constant.noarch 0:1.27-2.el7 will be installed
DEBUG util.py:446:  ---> Package perl-libs.x86_64 4:5.16.3-299_ol004.el7 will be installed
DEBUG util.py:446:  ---> Package perl-macros.x86_64 4:5.16.3-299_ol004.el7 will be installed
DEBUG util.py:446:  ---> Package perl-threads-shared.x86_64 0:1.43-6.el7 will be installed
DEBUG util.py:446:  ---> Package python-libs.x86_64 0:2.7.5-94_ol015.el7 will be installed
DEBUG util.py:446:  ---> Package readline.x86_64 0:6.2-11.el7 will be installed
DEBUG util.py:446:  ---> Package ustr.x86_64 0:1.0.4-16.el7 will be installed
DEBUG util.py:446:  --> Running transaction check
DEBUG util.py:446:  ---> Package cyrus-sasl-lib.x86_64 0:2.1.26-24_ol001.el7 will be installed
DEBUG util.py:446:  ---> Package elfutils-default-yama-scope.noarch 0:0.176-5.el7 will be installed
DEBUG util.py:446:  --> Processing Dependency: systemd for package: elfutils-default-yama-scope-0.176-5.el7.noarch
DEBUG util.py:446:  --> Processing Dependency: systemd for package: elfutils-default-yama-scope-0.176-5.el7.noarch
DEBUG util.py:446:  ---> Package kernel-headers.x86_64 0:3.10.0-1160.119.1_ol008.el7 will be installed
DEBUG util.py:446:  ---> Package keyutils-libs.x86_64 0:1.5.8-3.el7 will be installed
DEBUG util.py:446:  ---> Package libassuan.x86_64 0:2.1.0-3.el7 will be installed
DEBUG util.py:446:  ---> Package libcurl.x86_64 0:7.29.0-59.el7_9.2 will be installed
DEBUG util.py:446:  --> Processing Dependency: libssh2(x86-64) >= 1.8.0 for package: libcurl-7.29.0-59.el7_9.2.x86_64
DEBUG util.py:446:  --> Processing Dependency: libidn.so.11(LIBIDN_1.0)(64bit) for package: libcurl-7.29.0-59.el7_9.2.x86_64
DEBUG util.py:446:  --> Processing Dependency: libssh2.so.1()(64bit) for package: libcurl-7.29.0-59.el7_9.2.x86_64
DEBUG util.py:446:  --> Processing Dependency: libidn.so.11()(64bit) for package: libcurl-7.29.0-59.el7_9.2.x86_64
DEBUG util.py:446:  ---> Package libffi.x86_64 0:3.0.13-19.el7 will be installed
DEBUG util.py:446:  ---> Package libverto.x86_64 0:0.2.5-4.el7 will be installed
DEBUG util.py:446:  ---> Package nss-tools.x86_64 0:3.90.0-2.el7_9 will be installed
DEBUG util.py:446:  ---> Package p11-kit.x86_64 0:0.23.5-3.el7 will be installed
DEBUG util.py:446:  ---> Package p11-kit-trust.x86_64 0:0.23.5-3.el7 will be installed
DEBUG util.py:446:  --> Processing Dependency: libtasn1.so.6(LIBTASN1_0_3)(64bit) for package: p11-kit-trust-0.23.5-3.el7.x86_64
DEBUG util.py:446:  --> Processing Dependency: libtasn1.so.6()(64bit) for package: p11-kit-trust-0.23.5-3.el7.x86_64
DEBUG util.py:446:  ---> Package perl-Encode.x86_64 0:2.51-7.el7 will be installed
DEBUG util.py:446:  ---> Package perl-Pod-Escapes.noarch 1:1.04-299_ol004.el7 will be installed
DEBUG util.py:446:  ---> Package perl-Pod-Perldoc.noarch 0:3.20-4.el7 will be installed
DEBUG util.py:446:  --> Processing Dependency: perl(parent) for package: perl-Pod-Perldoc-3.20-4.el7.noarch
DEBUG util.py:446:  --> Processing Dependency: perl(HTTP::Tiny) for package: perl-Pod-Perldoc-3.20-4.el7.noarch
DEBUG util.py:446:  --> Processing Dependency: groff-base for package: perl-Pod-Perldoc-3.20-4.el7.noarch
DEBUG util.py:446:  ---> Package perl-podlators.noarch 0:2.5.1-3.el7 will be installed
DEBUG util.py:446:  ---> Package pinentry.x86_64 0:0.8.1-17.el7 will be installed
DEBUG util.py:446:  ---> Package pth.x86_64 0:2.0.7-23.el7 will be installed
DEBUG util.py:446:  ---> Package shared-mime-info.x86_64 0:1.8-5.el7 will be installed
DEBUG util.py:446:  --> Processing Dependency: libxml2.so.2(LIBXML2_2.4.30)(64bit) for package: shared-mime-info-1.8-5.el7.x86_64
DEBUG util.py:446:  --> Processing Dependency: libxml2.so.2()(64bit) for package: shared-mime-info-1.8-5.el7.x86_64
DEBUG util.py:446:  ---> Package sqlite.x86_64 0:3.7.17-8_ol004.el7.1 will be installed
DEBUG util.py:446:  ---> Package tzdata.noarch 0:2024a-1.el7 will be installed
DEBUG util.py:446:  --> Running transaction check
DEBUG util.py:446:  ---> Package groff-base.x86_64 0:1.22.2-8.el7 will be installed
DEBUG util.py:446:  ---> Package libidn.x86_64 0:1.28-4.el7 will be installed
DEBUG util.py:446:  ---> Package libssh2.x86_64 0:1.8.0-4_ol003.el7_9.1 will be installed
DEBUG util.py:446:  ---> Package libtasn1.x86_64 0:4.10-1.el7 will be installed
DEBUG util.py:446:  ---> Package libxml2.x86_64 0:2.9.1-6_ol018.el7.6 will be installed
DEBUG util.py:446:  ---> Package perl-HTTP-Tiny.noarch 0:0.033-3_ol001.el7 will be installed
DEBUG util.py:446:  ---> Package perl-parent.noarch 1:0.225-244.el7 will be installed
DEBUG util.py:446:  ---> Package systemd.x86_64 0:219-78_ol004.el7.9 will be installed
DEBUG util.py:446:  --> Processing Dependency: kmod >= 18-4 for package: systemd-219-78_ol004.el7.9.x86_64
DEBUG util.py:446:  --> Processing Dependency: acl for package: systemd-219-78_ol004.el7.9.x86_64
DEBUG util.py:446:  --> Processing Dependency: dbus for package: systemd-219-78_ol004.el7.9.x86_64
DEBUG util.py:446:  --> Processing Dependency: libcryptsetup.so.12(CRYPTSETUP_2.0)(64bit) for package: systemd-219-78_ol004.el7.9.x86_64
DEBUG util.py:446:  --> Processing Dependency: libkmod.so.2(LIBKMOD_5)(64bit) for package: systemd-219-78_ol004.el7.9.x86_64
DEBUG util.py:446:  --> Processing Dependency: libcryptsetup.so.12()(64bit) for package: systemd-219-78_ol004.el7.9.x86_64
DEBUG util.py:446:  --> Processing Dependency: libkmod.so.2()(64bit) for package: systemd-219-78_ol004.el7.9.x86_64
DEBUG util.py:446:  --> Processing Dependency: libqrencode.so.3()(64bit) for package: systemd-219-78_ol004.el7.9.x86_64
DEBUG util.py:446:  --> Running transaction check
DEBUG util.py:446:  ---> Package acl.x86_64 0:2.2.51-15.el7 will be installed
DEBUG util.py:446:  ---> Package cryptsetup-libs.x86_64 0:2.0.3-6.el7 will be installed
DEBUG util.py:446:  --> Processing Dependency: libdevmapper.so.1.02(DM_1_02_97)(64bit) for package: cryptsetup-libs-2.0.3-6.el7.x86_64
DEBUG util.py:446:  --> Processing Dependency: libdevmapper.so.1.02(Base)(64bit) for package: cryptsetup-libs-2.0.3-6.el7.x86_64
DEBUG util.py:446:  --> Processing Dependency: libjson-c.so.2()(64bit) for package: cryptsetup-libs-2.0.3-6.el7.x86_64
DEBUG util.py:446:  --> Processing Dependency: libdevmapper.so.1.02()(64bit) for package: cryptsetup-libs-2.0.3-6.el7.x86_64
DEBUG util.py:446:  ---> Package dbus.x86_64 1:1.10.24-15.el7 will be installed
DEBUG util.py:446:  --> Processing Dependency: dbus-libs(x86-64) = 1:1.10.24-15.el7 for package: 1:dbus-1.10.24-15.el7.x86_64
DEBUG util.py:446:  --> Processing Dependency: libdbus-1.so.3(LIBDBUS_PRIVATE_1.10.24)(64bit) for package: 1:dbus-1.10.24-15.el7.x86_64
DEBUG util.py:446:  --> Processing Dependency: libdbus-1.so.3(LIBDBUS_1_3)(64bit) for package: 1:dbus-1.10.24-15.el7.x86_64
DEBUG util.py:446:  --> Processing Dependency: libdbus-1.so.3()(64bit) for package: 1:dbus-1.10.24-15.el7.x86_64
DEBUG util.py:446:  ---> Package kmod.x86_64 0:20-28.el7 will be installed
DEBUG util.py:446:  --> Processing Dependency: dracut for package: kmod-20-28.el7.x86_64
DEBUG util.py:446:  ---> Package kmod-libs.x86_64 0:20-28.el7 will be installed
DEBUG util.py:446:  ---> Package qrencode-libs.x86_64 0:3.4.1-3.el7 will be installed
DEBUG util.py:446:  --> Running transaction check
DEBUG util.py:446:  ---> Package dbus-libs.x86_64 1:1.10.24-15.el7 will be installed
DEBUG util.py:446:  ---> Package device-mapper-libs.x86_64 7:1.02.170-6.el7_9.5 will be installed
DEBUG util.py:446:  --> Processing Dependency: device-mapper = 7:1.02.170-6.el7_9.5 for package: 7:device-mapper-libs-1.02.170-6.el7_9.5.x86_64
DEBUG util.py:446:  ---> Package dracut.x86_64 0:033-572.el7 will be installed
DEBUG util.py:446:  --> Processing Dependency: procps-ng for package: dracut-033-572.el7.x86_64
DEBUG util.py:446:  --> Processing Dependency: kpartx for package: dracut-033-572.el7.x86_64
DEBUG util.py:446:  --> Processing Dependency: hardlink for package: dracut-033-572.el7.x86_64
DEBUG util.py:446:  ---> Package json-c.x86_64 0:0.11-4.el7_0 will be installed
DEBUG util.py:446:  --> Running transaction check
DEBUG util.py:446:  ---> Package device-mapper.x86_64 7:1.02.170-6.el7_9.5 will be installed
DEBUG util.py:446:  ---> Package hardlink.x86_64 1:1.0-19.el7 will be installed
DEBUG util.py:446:  ---> Package kpartx.x86_64 0:0.4.9-136.el7_9 will be installed
DEBUG util.py:446:  ---> Package procps-ng.x86_64 0:3.3.10-28.el7 will be installed
DEBUG util.py:446:  --> Finished Dependency Resolution
DEBUG util.py:446:  Dependencies Resolved
DEBUG util.py:446:  ================================================================================
DEBUG util.py:446:   Package          Arch   Version              Repository                   Size
DEBUG util.py:446:  ================================================================================
DEBUG util.py:446:  Installing for group install "Buildsystem building group":
DEBUG util.py:446:   bash             x86_64 4.2.46-35_ol002.el7  OpenLogic-internal-CentOS-7 1.0 M
DEBUG util.py:446:   bzip2            x86_64 1.0.6-13_ol001.el7   OpenLogic-internal-CentOS-7  52 k
DEBUG util.py:446:   coreutils        x86_64 8.22-24_ol001.el7.2  OpenLogic-internal-CentOS-7 3.3 M
DEBUG util.py:446:   cpio             x86_64 2.11-28_ol003.el7    OpenLogic-internal-CentOS-7 213 k
DEBUG util.py:446:   diffutils        x86_64 3.3-6.el7_9          updates                     322 k
DEBUG util.py:446:   epel-release     noarch 7-14                 epel                         15 k
DEBUG util.py:446:   epel-rpm-macros  noarch 7-38                 epel                         19 k
DEBUG util.py:446:   findutils        x86_64 1:4.5.11-6.el7       base                        559 k
DEBUG util.py:446:   gawk             x86_64 4.0.2-4.el7_3.1      base                        874 k
DEBUG util.py:446:   gcc              x86_64 4.8.5-44_ol001.el7   OpenLogic-internal-CentOS-7  16 M
DEBUG util.py:446:   gcc-c++          x86_64 4.8.5-44_ol001.el7   OpenLogic-internal-CentOS-7 7.2 M
DEBUG util.py:446:   grep             x86_64 2.20-3.el7           base                        344 k
DEBUG util.py:446:   gzip             x86_64 1.5-11.el7_9         updates                     130 k
DEBUG util.py:446:   info             x86_64 5.1-5.el7            base                        233 k
DEBUG util.py:446:   make             x86_64 1:3.82-24.el7        base                        421 k
DEBUG util.py:446:   patch            x86_64 2.7.1-12.el7_7       base                        111 k
DEBUG util.py:446:   redhat-rpm-config
DEBUG util.py:446:                    noarch 9.1.0-88.el7.centos  base                         81 k
DEBUG util.py:446:   rpm-build        x86_64 4.11.3-48_ol003.el7  OpenLogic-internal-CentOS-7 151 k
DEBUG util.py:446:   sed              x86_64 4.2.2-7.el7          base                        231 k
DEBUG util.py:446:   shadow-utils     x86_64 2:4.6-5.el7          base                        1.2 M
DEBUG util.py:446:   tar              x86_64 2:1.26-35_ol001.el7  OpenLogic-internal-CentOS-7 848 k
DEBUG util.py:446:   unzip            x86_64 6.0-24.el7_9         updates                     172 k
DEBUG util.py:446:   util-linux       x86_64 2.23.2-65.el7_9.1    updates                     2.0 M
DEBUG util.py:446:   which            x86_64 2.20-7.el7           base                         41 k
DEBUG util.py:446:   xz               x86_64 5.2.2-2.el7_9        updates                     229 k
DEBUG util.py:446:  Installing for dependencies:
DEBUG util.py:446:   acl              x86_64 2.2.51-15.el7        base                         81 k
DEBUG util.py:446:   audit-libs       x86_64 2.8.5-4.el7          base                        102 k
DEBUG util.py:446:   basesystem       noarch 10.0-7.el7.centos    base                        5.0 k
DEBUG util.py:446:   binutils         x86_64 2.27-44.base_ol005.el7.1
DEBUG util.py:446:                                                OpenLogic-internal-CentOS-7 5.9 M
DEBUG util.py:446:   bzip2-libs       x86_64 1.0.6-13_ol001.el7   OpenLogic-internal-CentOS-7  40 k
DEBUG util.py:446:   ca-certificates  noarch 2023.2.60_v7.0.306-72.el7_9
DEBUG util.py:446:                                                updates                     923 k
DEBUG util.py:446:   centos-release   x86_64 7-9.2009.2.el7.centos
DEBUG util.py:446:                                                updates                      27 k
DEBUG util.py:446:   chkconfig        x86_64 1.7.6-1.el7          base                        182 k
DEBUG util.py:446:   cpp              x86_64 4.8.5-44_ol001.el7   OpenLogic-internal-CentOS-7 6.0 M
DEBUG util.py:446:   cracklib         x86_64 2.9.0-11.el7         base                         80 k
DEBUG util.py:446:   cracklib-dicts   x86_64 2.9.0-11.el7         base                        3.6 M
DEBUG util.py:446:   cryptsetup-libs  x86_64 2.0.3-6.el7          base                        339 k
DEBUG util.py:446:   curl             x86_64 7.29.0-59.el7_9.2    updates                     271 k
DEBUG util.py:446:   cyrus-sasl-lib   x86_64 2.1.26-24_ol001.el7  OpenLogic-internal-CentOS-7 155 k
DEBUG util.py:446:   dbus             x86_64 1:1.10.24-15.el7     base                        245 k
DEBUG util.py:446:   dbus-libs        x86_64 1:1.10.24-15.el7     base                        169 k
DEBUG util.py:446:   device-mapper    x86_64 7:1.02.170-6.el7_9.5 updates                     297 k
DEBUG util.py:446:   device-mapper-libs
DEBUG util.py:446:                    x86_64 7:1.02.170-6.el7_9.5 updates                     325 k
DEBUG util.py:446:   dracut           x86_64 033-572.el7          base                        329 k
DEBUG util.py:446:   dwz              x86_64 0.11-3.el7           base                         99 k
DEBUG util.py:446:   elfutils         x86_64 0.176-5.el7          base                        308 k
DEBUG util.py:446:   elfutils-default-yama-scope
DEBUG util.py:446:                    noarch 0.176-5.el7          base                         33 k
DEBUG util.py:446:   elfutils-libelf  x86_64 0.176-5.el7          base                        195 k
DEBUG util.py:446:   elfutils-libs    x86_64 0.176-5.el7          base                        291 k
DEBUG util.py:446:   expat            x86_64 2.1.0-15_ol009.el7   OpenLogic-internal-CentOS-7  90 k
DEBUG util.py:446:   file             x86_64 5.11-37.el7          base                         57 k
DEBUG util.py:446:   file-libs        x86_64 5.11-37.el7          base                        340 k
DEBUG util.py:446:   filesystem       x86_64 3.2-25.el7           base                        1.0 M
DEBUG util.py:446:   gdb              x86_64 7.6.1-120.el7        base                        2.4 M
DEBUG util.py:446:   gdbm             x86_64 1.10-8.el7           base                         70 k
DEBUG util.py:446:   glib2            x86_64 2.56.1-9_ol008.el7   OpenLogic-internal-CentOS-7 2.5 M
DEBUG util.py:446:   glibc            x86_64 2.17-326_ol010.el7_9.3
DEBUG util.py:446:                                                OpenLogic-internal-CentOS-7 3.6 M
DEBUG util.py:446:   glibc-common     x86_64 2.17-326_ol010.el7_9.3
DEBUG util.py:446:                                                OpenLogic-internal-CentOS-7  12 M
DEBUG util.py:446:   glibc-devel      x86_64 2.17-326_ol010.el7_9.3
DEBUG util.py:446:                                                OpenLogic-internal-CentOS-7 1.1 M
DEBUG util.py:446:   glibc-headers    x86_64 2.17-326_ol010.el7_9.3
DEBUG util.py:446:                                                OpenLogic-internal-CentOS-7 694 k
DEBUG util.py:446:   gmp              x86_64 1:6.0.0-15.el7       base                        281 k
DEBUG util.py:446:   gnupg2           x86_64 2.0.22-5.el7_5       base                        1.5 M
DEBUG util.py:446:   groff-base       x86_64 1.22.2-8.el7         base                        942 k
DEBUG util.py:446:   hardlink         x86_64 1:1.0-19.el7         base                         14 k
DEBUG util.py:446:   json-c           x86_64 0.11-4.el7_0         base                         31 k
DEBUG util.py:446:   kernel-headers   x86_64 3.10.0-1160.119.1_ol008.el7
DEBUG util.py:446:                                                OpenLogic-internal-CentOS-7 9.1 M
DEBUG util.py:446:   keyutils-libs    x86_64 1.5.8-3.el7          base                         25 k
DEBUG util.py:446:   kmod             x86_64 20-28.el7            base                        123 k
DEBUG util.py:446:   kmod-libs        x86_64 20-28.el7            base                         51 k
DEBUG util.py:446:   kpartx           x86_64 0.4.9-136.el7_9      updates                      81 k
DEBUG util.py:446:   krb5-libs        x86_64 1.15.1-55_ol004.el7_9
DEBUG util.py:446:                                                OpenLogic-internal-CentOS-7 812 k
DEBUG util.py:446:   libacl           x86_64 2.2.51-15.el7        base                         27 k
DEBUG util.py:446:   libassuan        x86_64 2.1.0-3.el7          base                         63 k
DEBUG util.py:446:   libattr          x86_64 2.4.46-13.el7        base                         18 k
DEBUG util.py:446:   libblkid         x86_64 2.23.2-65.el7_9.1    updates                     183 k
DEBUG util.py:446:   libcap           x86_64 2.22-11.el7          base                         47 k
DEBUG util.py:446:   libcap-ng        x86_64 0.7.5-4.el7          base                         25 k
DEBUG util.py:446:   libcom_err       x86_64 1.42.9-19.el7        base                         42 k
DEBUG util.py:446:   libcurl          x86_64 7.29.0-59.el7_9.2    updates                     223 k
DEBUG util.py:446:   libdb            x86_64 5.3.21-25.el7        base                        720 k
DEBUG util.py:446:   libdb-utils      x86_64 5.3.21-25.el7        base                        132 k
DEBUG util.py:446:   libffi           x86_64 3.0.13-19.el7        base                         30 k
DEBUG util.py:446:   libgcc           x86_64 4.8.5-44_ol001.el7   OpenLogic-internal-CentOS-7 103 k
DEBUG util.py:446:   libgcrypt        x86_64 1.5.3-14_ol001.el7   OpenLogic-internal-CentOS-7 263 k
DEBUG util.py:446:   libgomp          x86_64 4.8.5-44_ol001.el7   OpenLogic-internal-CentOS-7 158 k
DEBUG util.py:446:   libgpg-error     x86_64 1.12-3.el7           base                         87 k
DEBUG util.py:446:   libidn           x86_64 1.28-4.el7           base                        209 k
DEBUG util.py:446:   libmount         x86_64 2.23.2-65.el7_9.1    updates                     185 k
DEBUG util.py:446:   libmpc           x86_64 1.0.1-3.el7          base                         51 k
DEBUG util.py:446:   libpwquality     x86_64 1.2.3-5.el7          base                         85 k
DEBUG util.py:446:   libselinux       x86_64 2.5-15.el7           base                        162 k
DEBUG util.py:446:   libsemanage      x86_64 2.5-14.el7           base                        151 k
DEBUG util.py:446:   libsepol         x86_64 2.5-10.el7           base                        297 k
DEBUG util.py:446:   libsmartcols     x86_64 2.23.2-65.el7_9.1    updates                     143 k
DEBUG util.py:446:   libssh2          x86_64 1.8.0-4_ol003.el7_9.1
DEBUG util.py:446:                                                OpenLogic-internal-CentOS-7  90 k
DEBUG util.py:446:   libstdc++        x86_64 4.8.5-44_ol001.el7   OpenLogic-internal-CentOS-7 306 k
DEBUG util.py:446:   libstdc++-devel  x86_64 4.8.5-44_ol001.el7   OpenLogic-internal-CentOS-7 1.5 M
DEBUG util.py:446:   libtasn1         x86_64 4.10-1.el7           base                        320 k
DEBUG util.py:446:   libuser          x86_64 0.60-9.el7           base                        400 k
DEBUG util.py:446:   libutempter      x86_64 1.1.6-4.el7          base                         25 k
DEBUG util.py:446:   libuuid          x86_64 2.23.2-65.el7_9.1    updates                      84 k
DEBUG util.py:446:   libverto         x86_64 0.2.5-4.el7          base                         16 k
DEBUG util.py:446:   libxml2          x86_64 2.9.1-6_ol018.el7.6  OpenLogic-internal-CentOS-7 673 k
DEBUG util.py:446:   lua              x86_64 5.1.4-15.el7         base                        201 k
DEBUG util.py:446:   lua-srpm-macros  noarch 1-13.el7             epel                        6.0 k
DEBUG util.py:446:   lz4              x86_64 1.8.3-1.el7          base                         85 k
DEBUG util.py:446:   mpfr             x86_64 3.1.1-4.el7          base                        203 k
DEBUG util.py:446:   ncurses          x86_64 5.9-14.20130511_ol001.el7_4
DEBUG util.py:446:                                                OpenLogic-internal-CentOS-7 303 k
DEBUG util.py:446:   ncurses-base     noarch 5.9-14.20130511_ol001.el7_4
DEBUG util.py:446:                                                OpenLogic-internal-CentOS-7  68 k
DEBUG util.py:446:   ncurses-libs     x86_64 5.9-14.20130511_ol001.el7_4
DEBUG util.py:446:                                                OpenLogic-internal-CentOS-7 315 k
DEBUG util.py:446:   nspr             x86_64 4.35.0-1.el7_9       updates                     128 k
DEBUG util.py:446:   nss              x86_64 3.90.0-2.el7_9       updates                     905 k
DEBUG util.py:446:   nss-pem          x86_64 1.0.3-7.el7_9.1      updates                      75 k
DEBUG util.py:446:   nss-softokn      x86_64 3.90.0-6.el7_9       updates                     383 k
DEBUG util.py:446:   nss-softokn-freebl
DEBUG util.py:446:                    x86_64 3.90.0-6.el7_9       updates                     321 k
DEBUG util.py:446:   nss-sysinit      x86_64 3.90.0-2.el7_9       updates                      67 k
DEBUG util.py:446:   nss-tools        x86_64 3.90.0-2.el7_9       updates                     557 k
DEBUG util.py:446:   nss-util         x86_64 3.90.0-1.el7_9       updates                      80 k
DEBUG util.py:446:   openldap         x86_64 2.4.44-25_ol005.el7_9
DEBUG util.py:446:                                                OpenLogic-internal-CentOS-7 359 k
DEBUG util.py:446:   openssl-libs     x86_64 1:1.0.2k-26_ol002.el7_9
DEBUG util.py:446:                                                OpenLogic-internal-CentOS-7 1.2 M
DEBUG util.py:446:   p11-kit          x86_64 0.23.5-3.el7         base                        252 k
DEBUG util.py:446:   p11-kit-trust    x86_64 0.23.5-3.el7         base                        129 k
DEBUG util.py:446:   pam              x86_64 1.1.8-23.el7         base                        721 k
DEBUG util.py:446:   pcre             x86_64 8.32-17_ol002.el7    OpenLogic-internal-CentOS-7 422 k
DEBUG util.py:446:   perl             x86_64 4:5.16.3-299_ol004.el7
DEBUG util.py:446:                                                OpenLogic-internal-CentOS-7 8.0 M
DEBUG util.py:446:   perl-Carp        noarch 1.26-244.el7         base                         19 k
DEBUG util.py:446:   perl-Encode      x86_64 2.51-7.el7           base                        1.5 M
DEBUG util.py:446:   perl-Exporter    noarch 5.68-3.el7           base                         28 k
DEBUG util.py:446:   perl-File-Path   noarch 2.09-2.el7           base                         26 k
DEBUG util.py:446:   perl-File-Temp   noarch 0.23.01-3.el7        base                         56 k
DEBUG util.py:446:   perl-Filter      x86_64 1.49-3.el7           base                         76 k
DEBUG util.py:446:   perl-Getopt-Long noarch 2.40-3.el7           base                         56 k
DEBUG util.py:446:   perl-HTTP-Tiny   noarch 0.033-3_ol001.el7    OpenLogic-internal-CentOS-7  39 k
DEBUG util.py:446:   perl-PathTools   x86_64 3.40-5.el7           base                         82 k
DEBUG util.py:446:   perl-Pod-Escapes noarch 1:1.04-299_ol004.el7 OpenLogic-internal-CentOS-7  53 k
DEBUG util.py:446:   perl-Pod-Perldoc noarch 3.20-4.el7           base                         87 k
DEBUG util.py:446:   perl-Pod-Simple  noarch 1:3.28-4.el7         base                        216 k
DEBUG util.py:446:   perl-Pod-Usage   noarch 1.63-3.el7           base                         27 k
DEBUG util.py:446:   perl-Scalar-List-Utils
DEBUG util.py:446:                    x86_64 1.27-248.el7         base                         36 k
DEBUG util.py:446:   perl-Socket      x86_64 2.010-5.el7          base                         49 k
DEBUG util.py:446:   perl-Storable    x86_64 2.45-3.el7           base                         77 k
DEBUG util.py:446:   perl-Text-ParseWords
DEBUG util.py:446:                    noarch 3.29-4.el7           base                         14 k
DEBUG util.py:446:   perl-Thread-Queue
DEBUG util.py:446:                    noarch 3.02-2.el7           base                         17 k
DEBUG util.py:446:   perl-Time-HiRes  x86_64 4:1.9725-3.el7       base                         45 k
DEBUG util.py:446:   perl-Time-Local  noarch 1.2300-2.el7         base                         24 k
DEBUG util.py:446:   perl-constant    noarch 1.27-2.el7           base                         19 k
DEBUG util.py:446:   perl-generators-epel
DEBUG util.py:446:                    noarch 1-1.el7              epel                        4.1 k
DEBUG util.py:446:   perl-libs        x86_64 4:5.16.3-299_ol004.el7
DEBUG util.py:446:                                                OpenLogic-internal-CentOS-7 691 k
DEBUG util.py:446:   perl-macros      x86_64 4:5.16.3-299_ol004.el7
DEBUG util.py:446:                                                OpenLogic-internal-CentOS-7  45 k
DEBUG util.py:446:   perl-parent      noarch 1:0.225-244.el7      base                         12 k
DEBUG util.py:446:   perl-podlators   noarch 2.5.1-3.el7          base                        112 k
DEBUG util.py:446:   perl-srpm-macros noarch 1-8.el7              base                        4.6 k
DEBUG util.py:446:   perl-threads     x86_64 1.87-4.el7           base                         49 k
DEBUG util.py:446:   perl-threads-shared
DEBUG util.py:446:                    x86_64 1.43-6.el7           base                         39 k
DEBUG util.py:446:   pinentry         x86_64 0.8.1-17.el7         base                         73 k
DEBUG util.py:446:   pkgconfig        x86_64 1:0.27.1-4.el7       base                         54 k
DEBUG util.py:446:   popt             x86_64 1.13-16.el7          base                         42 k
DEBUG util.py:446:   procps-ng        x86_64 3.3.10-28.el7        base                        291 k
DEBUG util.py:446:   pth              x86_64 2.0.7-23.el7         base                         89 k
DEBUG util.py:446:   python-libs      x86_64 2.7.5-94_ol015.el7   OpenLogic-internal-CentOS-7 5.7 M
DEBUG util.py:446:   python-rpm-macros
DEBUG util.py:446:                    noarch 3-34.el7             base                        9.1 k
DEBUG util.py:446:   python-srpm-macros
DEBUG util.py:446:                    noarch 3-34.el7             base                        8.8 k
DEBUG util.py:446:   python2-rpm-macros
DEBUG util.py:446:                    noarch 3-34.el7             base                        8.1 k
DEBUG util.py:446:   qrencode-libs    x86_64 3.4.1-3.el7          base                         50 k
DEBUG util.py:446:   readline         x86_64 6.2-11.el7           base                        193 k
DEBUG util.py:446:   rpm              x86_64 4.11.3-48_ol003.el7  OpenLogic-internal-CentOS-7 1.2 M
DEBUG util.py:446:   rpm-build-libs   x86_64 4.11.3-48_ol003.el7  OpenLogic-internal-CentOS-7 109 k
DEBUG util.py:446:   rpm-libs         x86_64 4.11.3-48_ol003.el7  OpenLogic-internal-CentOS-7 281 k
DEBUG util.py:446:   setup            noarch 2.8.71-11.el7        base                        166 k
DEBUG util.py:446:   shared-mime-info x86_64 1.8-5.el7            base                        312 k
DEBUG util.py:446:   sqlite           x86_64 3.7.17-8_ol004.el7.1 OpenLogic-internal-CentOS-7 394 k
DEBUG util.py:446:   systemd          x86_64 219-78_ol004.el7.9   OpenLogic-internal-CentOS-7 5.1 M
DEBUG util.py:446:   systemd-libs     x86_64 219-78_ol004.el7.9   OpenLogic-internal-CentOS-7 420 k
DEBUG util.py:446:   tzdata           noarch 2024a-1.el7          updates                     497 k
DEBUG util.py:446:   ustr             x86_64 1.0.4-16.el7         base                         92 k
DEBUG util.py:446:   xz-libs          x86_64 5.2.2-2.el7_9        updates                     103 k
DEBUG util.py:446:   zip              x86_64 3.0-11.el7           base                        260 k
DEBUG util.py:446:   zlib             x86_64 1.2.7-21_ol002.el7_9 OpenLogic-internal-CentOS-7  90 k
DEBUG util.py:446:  Transaction Summary
DEBUG util.py:446:  ================================================================================
DEBUG util.py:446:  Install  25 Packages (+153 Dependent packages)
DEBUG util.py:446:  Total download size: 132 M
DEBUG util.py:446:  Installed size: 565 M
DEBUG util.py:446:  Downloading packages:
DEBUG util.py:444:  warning: /var/lib/mock/centos+epel-7-x86_64/root/var/cache/yum/epel/packages/epel-release-7-14.noarch.rpm: Header V4 RSA/SHA256 Signature, key ID 352c64e5: NOKEY
DEBUG util.py:446:  Public key for epel-release-7-14.noarch.rpm is not installed
DEBUG util.py:446:  --------------------------------------------------------------------------------
DEBUG util.py:446:  Total                                               24 MB/s | 132 MB  00:05     
DEBUG util.py:446:  Retrieving key from file:///usr/share/distribution-gpg-keys/epel/RPM-GPG-KEY-EPEL-7
DEBUG util.py:444:  Importing GPG key 0x352C64E5:
DEBUG util.py:444:   Userid     : "Fedora EPEL (7) <epel@fedoraproject.org>"
DEBUG util.py:444:   Fingerprint: 91e9 7d7c 4a5e 96f1 7f3e 888f 6a2f aea2 352c 64e5
DEBUG util.py:444:   From       : /usr/share/distribution-gpg-keys/epel/RPM-GPG-KEY-EPEL-7
DEBUG util.py:446:  Running transaction check
DEBUG util.py:446:  Running transaction test
DEBUG util.py:446:  Transaction test succeeded
DEBUG util.py:446:  Running transaction
DEBUG util.py:446:    Installing : libgcc-4.8.5-44_ol001.el7.x86_64                           1/178 
DEBUG util.py:446:    Installing : centos-release-7-9.2009.2.el7.centos.x86_64                2/178 
DEBUG util.py:446:    Installing : setup-2.8.71-11.el7.noarch                                 3/178 
DEBUG util.py:446:  warning: /etc/hosts created as /etc/hosts.rpmnew
DEBUG util.py:446:    Installing : filesystem-3.2-25.el7.x86_64                               4/178 
DEBUG util.py:446:    Installing : python-srpm-macros-3-34.el7.noarch                         5/178 
DEBUG util.py:446:    Installing : python-rpm-macros-3-34.el7.noarch                          6/178 
DEBUG util.py:446:    Installing : basesystem-10.0-7.el7.centos.noarch                        7/178 
DEBUG util.py:446:    Installing : ncurses-base-5.9-14.20130511_ol001.el7_4.noarch            8/178 
DEBUG util.py:446:    Installing : perl-srpm-macros-1-8.el7.noarch                            9/178 
DEBUG util.py:446:    Installing : tzdata-2024a-1.el7.noarch                                 10/178 
DEBUG util.py:446:    Installing : nss-softokn-freebl-3.90.0-6.el7_9.x86_64                  11/178 
DEBUG util.py:446:    Installing : glibc-common-2.17-326_ol010.el7_9.3.x86_64                12/178 
DEBUG util.py:446:    Installing : glibc-2.17-326_ol010.el7_9.3.x86_64                       13/178 
DEBUG util.py:446:    Installing : nspr-4.35.0-1.el7_9.x86_64                                14/178 
DEBUG util.py:446:    Installing : nss-util-3.90.0-1.el7_9.x86_64                            15/178 
DEBUG util.py:446:    Installing : libstdc++-4.8.5-44_ol001.el7.x86_64                       16/178 
DEBUG util.py:446:    Installing : ncurses-libs-5.9-14.20130511_ol001.el7_4.x86_64           17/178 
DEBUG util.py:446:    Installing : bash-4.2.46-35_ol002.el7.x86_64                           18/178 
DEBUG util.py:446:    Installing : libsepol-2.5-10.el7.x86_64                                19/178 
DEBUG util.py:446:    Installing : pcre-8.32-17_ol002.el7.x86_64                             20/178 
DEBUG util.py:446:    Installing : libselinux-2.5-15.el7.x86_64                              21/178 
DEBUG util.py:446:    Installing : zlib-1.2.7-21_ol002.el7_9.x86_64                          22/178 
DEBUG util.py:446:    Installing : info-5.1-5.el7.x86_64                                     23/178 
DEBUG util.py:446:    Installing : bzip2-libs-1.0.6-13_ol001.el7.x86_64                      24/178 
DEBUG util.py:446:    Installing : xz-libs-5.2.2-2.el7_9.x86_64                              25/178 
DEBUG util.py:446:    Installing : elfutils-libelf-0.176-5.el7.x86_64                        26/178 
DEBUG util.py:446:    Installing : libdb-5.3.21-25.el7.x86_64                                27/178 
DEBUG util.py:446:    Installing : sed-4.2.2-7.el7.x86_64                                    28/178 
DEBUG util.py:446:    Installing : 1:gmp-6.0.0-15.el7.x86_64                                 29/178 
DEBUG util.py:446:    Installing : popt-1.13-16.el7.x86_64                                   30/178 
DEBUG util.py:446:    Installing : libattr-2.4.46-13.el7.x86_64                              31/178 
DEBUG util.py:446:    Installing : libacl-2.2.51-15.el7.x86_64                               32/178 
DEBUG util.py:446:    Installing : libcap-2.22-11.el7.x86_64                                 33/178 
DEBUG util.py:446:    Installing : readline-6.2-11.el7.x86_64                                34/178 
DEBUG util.py:446:    Installing : libgpg-error-1.12-3.el7.x86_64                            35/178 
DEBUG util.py:446:    Installing : libgcrypt-1.5.3-14_ol001.el7.x86_64                       36/178 
DEBUG util.py:446:    Installing : lua-5.1.4-15.el7.x86_64                                   37/178 
DEBUG util.py:446:    Installing : chkconfig-1.7.6-1.el7.x86_64                              38/178 
DEBUG util.py:446:    Installing : mpfr-3.1.1-4.el7.x86_64                                   39/178 
DEBUG util.py:446:    Installing : grep-2.20-3.el7.x86_64                                    40/178 
DEBUG util.py:446:    Installing : libffi-3.0.13-19.el7.x86_64                               41/178 
DEBUG util.py:446:    Installing : libuuid-2.23.2-65.el7_9.1.x86_64                          42/178 
DEBUG util.py:446:    Installing : libcom_err-1.42.9-19.el7.x86_64                           43/178 
DEBUG util.py:446:    Installing : libmpc-1.0.1-3.el7.x86_64                                 44/178 
DEBUG util.py:446:    Installing : xz-5.2.2-2.el7_9.x86_64                                   45/178 
DEBUG util.py:446:    Installing : gawk-4.0.2-4.el7_3.1.x86_64                               46/178 
DEBUG util.py:446:    Installing : cpio-2.11-28_ol003.el7.x86_64                             47/178 
DEBUG util.py:446:    Installing : 1:findutils-4.5.11-6.el7.x86_64                           48/178 
DEBUG util.py:446:    Installing : diffutils-3.3-6.el7_9.x86_64                              49/178 
DEBUG util.py:446:    Installing : file-libs-5.11-37.el7.x86_64                              50/178 
DEBUG util.py:446:    Installing : expat-2.1.0-15_ol009.el7.x86_64                           51/178 
DEBUG util.py:446:    Installing : libcap-ng-0.7.5-4.el7.x86_64                              52/178 
DEBUG util.py:446:    Installing : audit-libs-2.8.5-4.el7.x86_64                             53/178 
DEBUG util.py:446:    Installing : p11-kit-0.23.5-3.el7.x86_64                               54/178 
DEBUG util.py:446:    Installing : sqlite-3.7.17-8_ol004.el7.1.x86_64                        55/178 
DEBUG util.py:446:    Installing : nss-softokn-3.90.0-6.el7_9.x86_64                         56/178 
DEBUG util.py:446:    Installing : 2:tar-1.26-35_ol001.el7.x86_64                            57/178 
DEBUG util.py:446:    Installing : gdbm-1.10-8.el7.x86_64                                    58/178 
DEBUG util.py:446:    Installing : lz4-1.8.3-1.el7.x86_64                                    59/178 
DEBUG util.py:446:    Installing : file-5.11-37.el7.x86_64                                   60/178 
DEBUG util.py:446:    Installing : cpp-4.8.5-44_ol001.el7.x86_64                             61/178 
DEBUG util.py:446:    Installing : pinentry-0.8.1-17.el7.x86_64                              62/178 
DEBUG util.py:446:    Installing : libassuan-2.1.0-3.el7.x86_64                              63/178 
DEBUG util.py:446:    Installing : acl-2.2.51-15.el7.x86_64                                  64/178 
DEBUG util.py:446:    Installing : patch-2.7.1-12.el7_7.x86_64                               65/178 
DEBUG util.py:446:    Installing : groff-base-1.22.2-8.el7.x86_64                            66/178 
DEBUG util.py:446:    Installing : 1:perl-parent-0.225-244.el7.noarch                        67/178 
DEBUG util.py:446:    Installing : perl-HTTP-Tiny-0.033-3_ol001.el7.noarch                   68/178 
DEBUG util.py:446:    Installing : perl-podlators-2.5.1-3.el7.noarch                         69/178 
DEBUG util.py:446:    Installing : perl-Pod-Perldoc-3.20-4.el7.noarch                        70/178 
DEBUG util.py:446:    Installing : 1:perl-Pod-Escapes-1.04-299_ol004.el7.noarch              71/178 
DEBUG util.py:446:    Installing : perl-Text-ParseWords-3.29-4.el7.noarch                    72/178 
DEBUG util.py:446:    Installing : perl-Encode-2.51-7.el7.x86_64                             73/178 
DEBUG util.py:446:    Installing : perl-Pod-Usage-1.63-3.el7.noarch                          74/178 
DEBUG util.py:446:    Installing : 4:perl-macros-5.16.3-299_ol004.el7.x86_64                 75/178 
DEBUG util.py:446:    Installing : 4:perl-libs-5.16.3-299_ol004.el7.x86_64                   76/178 
DEBUG util.py:446:    Installing : 4:perl-Time-HiRes-1.9725-3.el7.x86_64                     77/178 
DEBUG util.py:446:    Installing : perl-threads-1.87-4.el7.x86_64                            78/178 
DEBUG util.py:446:    Installing : perl-Storable-2.45-3.el7.x86_64                           79/178 
DEBUG util.py:446:    Installing : perl-Carp-1.26-244.el7.noarch                             80/178 
DEBUG util.py:446:    Installing : perl-Filter-1.49-3.el7.x86_64                             81/178 
DEBUG util.py:446:    Installing : perl-Exporter-5.68-3.el7.noarch                           82/178 
DEBUG util.py:446:    Installing : perl-constant-1.27-2.el7.noarch                           83/178 
DEBUG util.py:446:    Installing : perl-Socket-2.010-5.el7.x86_64                            84/178 
DEBUG util.py:446:    Installing : perl-Time-Local-1.2300-2.el7.noarch                       85/178 
DEBUG util.py:446:    Installing : perl-threads-shared-1.43-6.el7.x86_64                     86/178 
DEBUG util.py:446:    Installing : perl-File-Temp-0.23.01-3.el7.noarch                       87/178 
DEBUG util.py:446:    Installing : perl-File-Path-2.09-2.el7.noarch                          88/178 
DEBUG util.py:446:    Installing : perl-PathTools-3.40-5.el7.x86_64                          89/178 
DEBUG util.py:446:    Installing : perl-Scalar-List-Utils-1.27-248.el7.x86_64                90/178 
DEBUG util.py:446:    Installing : 1:perl-Pod-Simple-3.28-4.el7.noarch                       91/178 
DEBUG util.py:446:    Installing : perl-Getopt-Long-2.40-3.el7.noarch                        92/178 
DEBUG util.py:446:    Installing : 4:perl-5.16.3-299_ol004.el7.x86_64                        93/178 
DEBUG util.py:446:    Installing : perl-Thread-Queue-3.02-2.el7.noarch                       94/178 
DEBUG util.py:446:    Installing : libdb-utils-5.3.21-25.el7.x86_64                          95/178 
DEBUG util.py:446:    Installing : dwz-0.11-3.el7.x86_64                                     96/178 
DEBUG util.py:446:    Installing : kmod-libs-20-28.el7.x86_64                                97/178 
DEBUG util.py:446:    Installing : libxml2-2.9.1-6_ol018.el7.6.x86_64                        98/178 
DEBUG util.py:446:    Installing : bzip2-1.0.6-13_ol001.el7.x86_64                           99/178 
DEBUG util.py:446:    Installing : unzip-6.0-24.el7_9.x86_64                                100/178 
DEBUG util.py:446:    Installing : zip-3.0-11.el7.x86_64                                    101/178 
DEBUG util.py:446:    Installing : libidn-1.28-4.el7.x86_64                                 102/178 
DEBUG util.py:446:    Installing : libgomp-4.8.5-44_ol001.el7.x86_64                        103/178 
DEBUG util.py:446:    Installing : ncurses-5.9-14.20130511_ol001.el7_4.x86_64               104/178 
DEBUG util.py:446:    Installing : libstdc++-devel-4.8.5-44_ol001.el7.x86_64                105/178 
DEBUG util.py:446:    Installing : libsmartcols-2.23.2-65.el7_9.1.x86_64                    106/178 
DEBUG util.py:446:    Installing : ustr-1.0.4-16.el7.x86_64                                 107/178 
DEBUG util.py:446:    Installing : libsemanage-2.5-14.el7.x86_64                            108/178 
DEBUG util.py:446:    Installing : libverto-0.2.5-4.el7.x86_64                              109/178 
DEBUG util.py:446:    Installing : pth-2.0.7-23.el7.x86_64                                  110/178 
DEBUG util.py:446:    Installing : libtasn1-4.10-1.el7.x86_64                               111/178 
DEBUG util.py:446:    Installing : p11-kit-trust-0.23.5-3.el7.x86_64                        112/178 
DEBUG util.py:446:    Installing : ca-certificates-2023.2.60_v7.0.306-72.el7_9.noarch       113/178 
DEBUG util.py:446:    Installing : 1:hardlink-1.0-19.el7.x86_64                             114/178 
DEBUG util.py:446:    Installing : qrencode-libs-3.4.1-3.el7.x86_64                         115/178 
DEBUG util.py:446:    Installing : keyutils-libs-1.5.8-3.el7.x86_64                         116/178 
DEBUG util.py:446:    Installing : coreutils-8.22-24_ol001.el7.2.x86_64                     117/178 
DEBUG util.py:446:    Installing : 1:openssl-libs-1.0.2k-26_ol002.el7_9.x86_64              118/178 
DEBUG util.py:446:    Installing : krb5-libs-1.15.1-55_ol004.el7_9.x86_64                   119/178 
DEBUG util.py:446:    Installing : libblkid-2.23.2-65.el7_9.1.x86_64                        120/178 
DEBUG util.py:446:    Installing : gzip-1.5-11.el7_9.x86_64                                 121/178 
DEBUG util.py:446:    Installing : cracklib-2.9.0-11.el7.x86_64                             122/178 
DEBUG util.py:446:    Installing : libmount-2.23.2-65.el7_9.1.x86_64                        123/178 
DEBUG util.py:446:    Installing : glib2-2.56.1-9_ol008.el7.x86_64                          124/178 
DEBUG util.py:446:    Installing : shared-mime-info-1.8-5.el7.x86_64                        125/178 
DEBUG util.py:446:    Installing : binutils-2.27-44.base_ol005.el7.1.x86_64                 126/178 
DEBUG util.py:446:    Installing : 2:shadow-utils-4.6-5.el7.x86_64                          127/178 
DEBUG util.py:446:    Installing : 1:pkgconfig-0.27.1-4.el7.x86_64                          128/178 
DEBUG util.py:446:    Installing : cracklib-dicts-2.9.0-11.el7.x86_64                       129/178 
DEBUG util.py:446:    Installing : pam-1.1.8-23.el7.x86_64                                  130/178 
DEBUG util.py:446:    Installing : libpwquality-1.2.3-5.el7.x86_64                          131/178 
DEBUG util.py:446:    Installing : libutempter-1.1.6-4.el7.x86_64                           132/178 
DEBUG util.py:446:    Installing : cyrus-sasl-lib-2.1.26-24_ol001.el7.x86_64                133/178 
DEBUG util.py:446:    Installing : libssh2-1.8.0-4_ol003.el7_9.1.x86_64                     134/178 
DEBUG util.py:446:    Installing : python-libs-2.7.5-94_ol015.el7.x86_64                    135/178 
DEBUG util.py:446:    Installing : gdb-7.6.1-120.el7.x86_64                                 136/178 
DEBUG util.py:446:    Installing : nss-pem-1.0.3-7.el7_9.1.x86_64                           137/178 
DEBUG util.py:446:    Installing : nss-3.90.0-2.el7_9.x86_64                                138/178 
DEBUG util.py:446:    Installing : nss-sysinit-3.90.0-2.el7_9.x86_64                        139/178 
DEBUG util.py:446:    Installing : nss-tools-3.90.0-2.el7_9.x86_64                          140/178 
DEBUG util.py:446:    Installing : libcurl-7.29.0-59.el7_9.2.x86_64                         141/178 
DEBUG util.py:446:    Installing : curl-7.29.0-59.el7_9.2.x86_64                            142/178 
DEBUG util.py:446:    Installing : rpm-libs-4.11.3-48_ol003.el7.x86_64                      143/178 
DEBUG util.py:446:    Installing : rpm-4.11.3-48_ol003.el7.x86_64                           144/178 
DEBUG util.py:446:    Installing : openldap-2.4.44-25_ol005.el7_9.x86_64                    145/178 
DEBUG util.py:446:    Installing : libuser-0.60-9.el7.x86_64                                146/178 
DEBUG util.py:446:    Installing : gnupg2-2.0.22-5.el7_5.x86_64                             147/178 
DEBUG util.py:446:    Installing : rpm-build-libs-4.11.3-48_ol003.el7.x86_64                148/178 
DEBUG util.py:446:    Installing : perl-generators-epel-1-1.el7.noarch                      149/178 
DEBUG util.py:446:    Installing : lua-srpm-macros-1-13.el7.noarch                          150/178 
DEBUG util.py:446:    Installing : redhat-rpm-config-9.1.0-88.el7.centos.noarch             151/178 
DEBUG util.py:446:    Installing : json-c-0.11-4.el7_0.x86_64                               152/178 
DEBUG util.py:446:    Installing : util-linux-2.23.2-65.el7_9.1.x86_64                      153/178 
DEBUG util.py:446:    Installing : procps-ng-3.3.10-28.el7.x86_64                           154/178 
DEBUG util.py:446:    Installing : kpartx-0.4.9-136.el7_9.x86_64                            155/178 
DEBUG util.py:446:    Installing : 7:device-mapper-1.02.170-6.el7_9.5.x86_64                156/178 
DEBUG util.py:446:    Installing : 7:device-mapper-libs-1.02.170-6.el7_9.5.x86_64           157/178 
DEBUG util.py:446:    Installing : cryptsetup-libs-2.0.3-6.el7.x86_64                       158/178 
DEBUG util.py:446:    Installing : dracut-033-572.el7.x86_64                                159/178 
DEBUG util.py:446:    Installing : kmod-20-28.el7.x86_64                                    160/178 
DEBUG util.py:446:    Installing : elfutils-libs-0.176-5.el7.x86_64                         161/178 
DEBUG util.py:446:    Installing : systemd-libs-219-78_ol004.el7.9.x86_64                   162/178 
DEBUG util.py:446:    Installing : 1:dbus-libs-1.10.24-15.el7.x86_64                        163/178 
DEBUG util.py:446:    Installing : systemd-219-78_ol004.el7.9.x86_64                        164/178 
DEBUG util.py:446:  Failed to get D-Bus connection: Operation not permitted
DEBUG util.py:446:    Installing : elfutils-default-yama-scope-0.176-5.el7.noarch           165/178 
DEBUG util.py:446:    Installing : 1:dbus-1.10.24-15.el7.x86_64                             166/178 
DEBUG util.py:446:    Installing : elfutils-0.176-5.el7.x86_64                              167/178 
DEBUG util.py:446:    Installing : python2-rpm-macros-3-34.el7.noarch                       168/178 
DEBUG util.py:446:    Installing : kernel-headers-3.10.0-1160.119.1_ol008.el7.x86_64        169/178 
DEBUG util.py:446:    Installing : glibc-headers-2.17-326_ol010.el7_9.3.x86_64              170/178 
DEBUG util.py:446:    Installing : glibc-devel-2.17-326_ol010.el7_9.3.x86_64                171/178 
DEBUG util.py:446:    Installing : gcc-4.8.5-44_ol001.el7.x86_64                            172/178 
DEBUG util.py:446:    Installing : gcc-c++-4.8.5-44_ol001.el7.x86_64                        173/178 
DEBUG util.py:446:    Installing : epel-rpm-macros-7-38.noarch                              174/178 
DEBUG util.py:446:    Installing : rpm-build-4.11.3-48_ol003.el7.x86_64                     175/178 
DEBUG util.py:446:    Installing : 1:make-3.82-24.el7.x86_64                                176/178 
DEBUG util.py:446:    Installing : which-2.20-7.el7.x86_64                                  177/178 
DEBUG util.py:446:    Installing : epel-release-7-14.noarch                                 178/178 
DEBUG util.py:446:    Verifying  : zlib-1.2.7-21_ol002.el7_9.x86_64                           1/178 
DEBUG util.py:446:    Verifying  : acl-2.2.51-15.el7.x86_64                                   2/178 
DEBUG util.py:446:    Verifying  : libblkid-2.23.2-65.el7_9.1.x86_64                          3/178 
DEBUG util.py:446:    Verifying  : 1:pkgconfig-0.27.1-4.el7.x86_64                            4/178 
DEBUG util.py:446:    Verifying  : libacl-2.2.51-15.el7.x86_64                                5/178 
DEBUG util.py:446:    Verifying  : libcurl-7.29.0-59.el7_9.2.x86_64                           6/178 
DEBUG util.py:446:    Verifying  : libdb-utils-5.3.21-25.el7.x86_64                           7/178 
DEBUG util.py:446:    Verifying  : libcap-2.22-11.el7.x86_64                                  8/178 
DEBUG util.py:446:    Verifying  : readline-6.2-11.el7.x86_64                                 9/178 
DEBUG util.py:446:    Verifying  : cyrus-sasl-lib-2.1.26-24_ol001.el7.x86_64                 10/178 
DEBUG util.py:446:    Verifying  : 1:openssl-libs-1.0.2k-26_ol002.el7_9.x86_64               11/178 
DEBUG util.py:446:    Verifying  : epel-rpm-macros-7-38.noarch                               12/178 
DEBUG util.py:446:    Verifying  : 1:perl-Pod-Escapes-1.04-299_ol004.el7.noarch              13/178 
DEBUG util.py:446:    Verifying  : perl-File-Temp-0.23.01-3.el7.noarch                       14/178 
DEBUG util.py:446:    Verifying  : perl-generators-epel-1-1.el7.noarch                       15/178 
DEBUG util.py:446:    Verifying  : libsmartcols-2.23.2-65.el7_9.1.x86_64                     16/178 
DEBUG util.py:446:    Verifying  : shared-mime-info-1.8-5.el7.x86_64                         17/178 
DEBUG util.py:446:    Verifying  : gcc-c++-4.8.5-44_ol001.el7.x86_64                         18/178 
DEBUG util.py:446:    Verifying  : glib2-2.56.1-9_ol008.el7.x86_64                           19/178 
DEBUG util.py:446:    Verifying  : 4:perl-macros-5.16.3-299_ol004.el7.x86_64                 20/178 
DEBUG util.py:446:    Verifying  : libselinux-2.5-15.el7.x86_64                              21/178 
DEBUG util.py:446:    Verifying  : util-linux-2.23.2-65.el7_9.1.x86_64                       22/178 
DEBUG util.py:446:    Verifying  : libsemanage-2.5-14.el7.x86_64                             23/178 
DEBUG util.py:446:    Verifying  : libgcrypt-1.5.3-14_ol001.el7.x86_64                       24/178 
DEBUG util.py:446:    Verifying  : kernel-headers-3.10.0-1160.119.1_ol008.el7.x86_64         25/178 
DEBUG util.py:446:    Verifying  : 4:perl-libs-5.16.3-299_ol004.el7.x86_64                   26/178 
DEBUG util.py:446:    Verifying  : kmod-libs-20-28.el7.x86_64                                27/178 
DEBUG util.py:446:    Verifying  : rpm-build-libs-4.11.3-48_ol003.el7.x86_64                 28/178 
DEBUG util.py:446:    Verifying  : procps-ng-3.3.10-28.el7.x86_64                            29/178 
DEBUG util.py:446:    Verifying  : pcre-8.32-17_ol002.el7.x86_64                             30/178 
DEBUG util.py:446:    Verifying  : python2-rpm-macros-3-34.el7.noarch                        31/178 
DEBUG util.py:446:    Verifying  : cracklib-dicts-2.9.0-11.el7.x86_64                        32/178 
DEBUG util.py:446:    Verifying  : perl-File-Path-2.09-2.el7.noarch                          33/178 
DEBUG util.py:446:    Verifying  : nss-util-3.90.0-1.el7_9.x86_64                            34/178 
DEBUG util.py:446:    Verifying  : bzip2-1.0.6-13_ol001.el7.x86_64                           35/178 
DEBUG util.py:446:    Verifying  : libassuan-2.1.0-3.el7.x86_64                              36/178 
DEBUG util.py:446:    Verifying  : 7:device-mapper-1.02.170-6.el7_9.5.x86_64                 37/178 
DEBUG util.py:446:    Verifying  : perl-Text-ParseWords-3.29-4.el7.noarch                    38/178 
DEBUG util.py:446:    Verifying  : python-srpm-macros-3-34.el7.noarch                        39/178 
DEBUG util.py:446:    Verifying  : ustr-1.0.4-16.el7.x86_64                                  40/178 
DEBUG util.py:446:    Verifying  : lua-5.1.4-15.el7.x86_64                                   41/178 
DEBUG util.py:446:    Verifying  : libutempter-1.1.6-4.el7.x86_64                            42/178 
DEBUG util.py:446:    Verifying  : file-5.11-37.el7.x86_64                                   43/178 
DEBUG util.py:446:    Verifying  : libidn-1.28-4.el7.x86_64                                  44/178 
DEBUG util.py:446:    Verifying  : rpm-libs-4.11.3-48_ol003.el7.x86_64                       45/178 
DEBUG util.py:446:    Verifying  : setup-2.8.71-11.el7.noarch                                46/178 
DEBUG util.py:446:    Verifying  : 4:perl-Time-HiRes-1.9725-3.el7.x86_64                     47/178 
DEBUG util.py:446:    Verifying  : mpfr-3.1.1-4.el7.x86_64                                   48/178 
DEBUG util.py:446:    Verifying  : bzip2-libs-1.0.6-13_ol001.el7.x86_64                      49/178 
DEBUG util.py:446:    Verifying  : elfutils-default-yama-scope-0.176-5.el7.noarch            50/178 
DEBUG util.py:446:    Verifying  : libmount-2.23.2-65.el7_9.1.x86_64                         51/178 
DEBUG util.py:446:    Verifying  : dracut-033-572.el7.x86_64                                 52/178 
DEBUG util.py:446:    Verifying  : 1:dbus-libs-1.10.24-15.el7.x86_64                         53/178 
DEBUG util.py:446:    Verifying  : libssh2-1.8.0-4_ol003.el7_9.1.x86_64                      54/178 
DEBUG util.py:446:    Verifying  : perl-threads-shared-1.43-6.el7.x86_64                     55/178 
DEBUG util.py:446:    Verifying  : ncurses-libs-5.9-14.20130511_ol001.el7_4.x86_64           56/178 
DEBUG util.py:446:    Verifying  : basesystem-10.0-7.el7.centos.noarch                       57/178 
DEBUG util.py:446:    Verifying  : 2:tar-1.26-35_ol001.el7.x86_64                            58/178 
DEBUG util.py:446:    Verifying  : libverto-0.2.5-4.el7.x86_64                               59/178 
DEBUG util.py:446:    Verifying  : gdb-7.6.1-120.el7.x86_64                                  60/178 
DEBUG util.py:446:    Verifying  : nss-pem-1.0.3-7.el7_9.1.x86_64                            61/178 
DEBUG util.py:446:    Verifying  : 1:make-3.82-24.el7.x86_64                                 62/178 
DEBUG util.py:446:    Verifying  : info-5.1-5.el7.x86_64                                     63/178 
DEBUG util.py:446:    Verifying  : libgomp-4.8.5-44_ol001.el7.x86_64                         64/178 
DEBUG util.py:446:    Verifying  : openldap-2.4.44-25_ol005.el7_9.x86_64                     65/178 
DEBUG util.py:446:    Verifying  : lua-srpm-macros-1-13.el7.noarch                           66/178 
DEBUG util.py:446:    Verifying  : pth-2.0.7-23.el7.x86_64                                   67/178 
DEBUG util.py:446:    Verifying  : 1:perl-parent-0.225-244.el7.noarch                        68/178 
DEBUG util.py:446:    Verifying  : libsepol-2.5-10.el7.x86_64                                69/178 
DEBUG util.py:446:    Verifying  : libmpc-1.0.1-3.el7.x86_64                                 70/178 
DEBUG util.py:446:    Verifying  : nss-tools-3.90.0-2.el7_9.x86_64                           71/178 
DEBUG util.py:446:    Verifying  : binutils-2.27-44.base_ol005.el7.1.x86_64                  72/178 
DEBUG util.py:446:    Verifying  : perl-Pod-Usage-1.63-3.el7.noarch                          73/178 
DEBUG util.py:446:    Verifying  : perl-Encode-2.51-7.el7.x86_64                             74/178 
DEBUG util.py:446:    Verifying  : 4:perl-5.16.3-299_ol004.el7.x86_64                        75/178 
DEBUG util.py:446:    Verifying  : libuser-0.60-9.el7.x86_64                                 76/178 
DEBUG util.py:446:    Verifying  : libtasn1-4.10-1.el7.x86_64                                77/178 
DEBUG util.py:446:    Verifying  : perl-threads-1.87-4.el7.x86_64                            78/178 
DEBUG util.py:446:    Verifying  : 1:hardlink-1.0-19.el7.x86_64                              79/178 
DEBUG util.py:446:    Verifying  : cracklib-2.9.0-11.el7.x86_64                              80/178 
DEBUG util.py:446:    Verifying  : nss-sysinit-3.90.0-2.el7_9.x86_64                         81/178 
DEBUG util.py:446:    Verifying  : perl-Getopt-Long-2.40-3.el7.noarch                        82/178 
DEBUG util.py:446:    Verifying  : coreutils-8.22-24_ol001.el7.2.x86_64                      83/178 
DEBUG util.py:446:    Verifying  : gnupg2-2.0.22-5.el7_5.x86_64                              84/178 
DEBUG util.py:446:    Verifying  : epel-release-7-14.noarch                                  85/178 
DEBUG util.py:446:    Verifying  : which-2.20-7.el7.x86_64                                   86/178 
DEBUG util.py:446:    Verifying  : glibc-common-2.17-326_ol010.el7_9.3.x86_64                87/178 
DEBUG util.py:446:    Verifying  : nss-softokn-3.90.0-6.el7_9.x86_64                         88/178 
DEBUG util.py:446:    Verifying  : popt-1.13-16.el7.x86_64                                   89/178 
DEBUG util.py:446:    Verifying  : libffi-3.0.13-19.el7.x86_64                               90/178 
DEBUG util.py:446:    Verifying  : p11-kit-0.23.5-3.el7.x86_64                               91/178 
DEBUG util.py:446:    Verifying  : 2:shadow-utils-4.6-5.el7.x86_64                           92/178 
DEBUG util.py:446:    Verifying  : perl-Storable-2.45-3.el7.x86_64                           93/178 
DEBUG util.py:446:    Verifying  : groff-base-1.22.2-8.el7.x86_64                            94/178 
DEBUG util.py:446:    Verifying  : glibc-headers-2.17-326_ol010.el7_9.3.x86_64               95/178 
DEBUG util.py:446:    Verifying  : perl-HTTP-Tiny-0.033-3_ol001.el7.noarch                   96/178 
DEBUG util.py:446:    Verifying  : systemd-219-78_ol004.el7.9.x86_64                         97/178 
DEBUG util.py:446:    Verifying  : unzip-6.0-24.el7_9.x86_64                                 98/178 
DEBUG util.py:446:    Verifying  : tzdata-2024a-1.el7.noarch                                 99/178 
DEBUG util.py:446:    Verifying  : 7:device-mapper-libs-1.02.170-6.el7_9.5.x86_64           100/178 
DEBUG util.py:446:    Verifying  : libattr-2.4.46-13.el7.x86_64                             101/178 
DEBUG util.py:446:    Verifying  : gawk-4.0.2-4.el7_3.1.x86_64                              102/178 
DEBUG util.py:446:    Verifying  : cpio-2.11-28_ol003.el7.x86_64                            103/178 
DEBUG util.py:446:    Verifying  : audit-libs-2.8.5-4.el7.x86_64                            104/178 
DEBUG util.py:446:    Verifying  : perl-srpm-macros-1-8.el7.noarch                          105/178 
DEBUG util.py:446:    Verifying  : qrencode-libs-3.4.1-3.el7.x86_64                         106/178 
DEBUG util.py:446:    Verifying  : python-rpm-macros-3-34.el7.noarch                        107/178 
DEBUG util.py:446:    Verifying  : sqlite-3.7.17-8_ol004.el7.1.x86_64                       108/178 
DEBUG util.py:446:    Verifying  : kmod-20-28.el7.x86_64                                    109/178 
DEBUG util.py:446:    Verifying  : grep-2.20-3.el7.x86_64                                   110/178 
DEBUG util.py:446:    Verifying  : ncurses-5.9-14.20130511_ol001.el7_4.x86_64               111/178 
DEBUG util.py:446:    Verifying  : xz-libs-5.2.2-2.el7_9.x86_64                             112/178 
DEBUG util.py:446:    Verifying  : nss-softokn-freebl-3.90.0-6.el7_9.x86_64                 113/178 
DEBUG util.py:446:    Verifying  : patch-2.7.1-12.el7_7.x86_64                              114/178 
DEBUG util.py:446:    Verifying  : filesystem-3.2-25.el7.x86_64                             115/178 
DEBUG util.py:446:    Verifying  : perl-Carp-1.26-244.el7.noarch                            116/178 
DEBUG util.py:446:    Verifying  : libdb-5.3.21-25.el7.x86_64                               117/178 
DEBUG util.py:446:    Verifying  : file-libs-5.11-37.el7.x86_64                             118/178 
DEBUG util.py:446:    Verifying  : gdbm-1.10-8.el7.x86_64                                   119/178 
DEBUG util.py:446:    Verifying  : python-libs-2.7.5-94_ol015.el7.x86_64                    120/178 
DEBUG util.py:446:    Verifying  : elfutils-libelf-0.176-5.el7.x86_64                       121/178 
DEBUG util.py:446:    Verifying  : expat-2.1.0-15_ol009.el7.x86_64                          122/178 
DEBUG util.py:446:    Verifying  : rpm-build-4.11.3-48_ol003.el7.x86_64                     123/178 
DEBUG util.py:446:    Verifying  : chkconfig-1.7.6-1.el7.x86_64                             124/178 
DEBUG util.py:446:    Verifying  : bash-4.2.46-35_ol002.el7.x86_64                          125/178 
DEBUG util.py:446:    Verifying  : 1:findutils-4.5.11-6.el7.x86_64                          126/178 
DEBUG util.py:446:    Verifying  : libgcc-4.8.5-44_ol001.el7.x86_64                         127/178 
DEBUG util.py:446:    Verifying  : ca-certificates-2023.2.60_v7.0.306-72.el7_9.noarch       128/178 
DEBUG util.py:446:    Verifying  : perl-Pod-Perldoc-3.20-4.el7.noarch                       129/178 
DEBUG util.py:446:    Verifying  : libuuid-2.23.2-65.el7_9.1.x86_64                         130/178 
DEBUG util.py:446:    Verifying  : pam-1.1.8-23.el7.x86_64                                  131/178 
DEBUG util.py:446:    Verifying  : perl-Filter-1.49-3.el7.x86_64                            132/178 
DEBUG util.py:446:    Verifying  : dwz-0.11-3.el7.x86_64                                    133/178 
DEBUG util.py:446:    Verifying  : diffutils-3.3-6.el7_9.x86_64                             134/178 
DEBUG util.py:446:    Verifying  : nss-3.90.0-2.el7_9.x86_64                                135/178 
DEBUG util.py:446:    Verifying  : kpartx-0.4.9-136.el7_9.x86_64                            136/178 
DEBUG util.py:446:    Verifying  : systemd-libs-219-78_ol004.el7.9.x86_64                   137/178 
DEBUG util.py:446:    Verifying  : lz4-1.8.3-1.el7.x86_64                                   138/178 
DEBUG util.py:446:    Verifying  : keyutils-libs-1.5.8-3.el7.x86_64                         139/178 
DEBUG util.py:446:    Verifying  : zip-3.0-11.el7.x86_64                                    140/178 
DEBUG util.py:446:    Verifying  : perl-Exporter-5.68-3.el7.noarch                          141/178 
DEBUG util.py:446:    Verifying  : perl-constant-1.27-2.el7.noarch                          142/178 
DEBUG util.py:446:    Verifying  : perl-PathTools-3.40-5.el7.x86_64                         143/178 
DEBUG util.py:446:    Verifying  : nspr-4.35.0-1.el7_9.x86_64                               144/178 
DEBUG util.py:446:    Verifying  : cpp-4.8.5-44_ol001.el7.x86_64                            145/178 
DEBUG util.py:446:    Verifying  : pinentry-0.8.1-17.el7.x86_64                             146/178 
DEBUG util.py:446:    Verifying  : perl-Socket-2.010-5.el7.x86_64                           147/178 
DEBUG util.py:446:    Verifying  : libgpg-error-1.12-3.el7.x86_64                           148/178 
DEBUG util.py:446:    Verifying  : 1:dbus-1.10.24-15.el7.x86_64                             149/178 
DEBUG util.py:446:    Verifying  : libcom_err-1.42.9-19.el7.x86_64                          150/178 
DEBUG util.py:446:    Verifying  : perl-Thread-Queue-3.02-2.el7.noarch                      151/178 
DEBUG util.py:446:    Verifying  : 1:perl-Pod-Simple-3.28-4.el7.noarch                      152/178 
DEBUG util.py:446:    Verifying  : perl-Time-Local-1.2300-2.el7.noarch                      153/178 
DEBUG util.py:446:    Verifying  : ncurses-base-5.9-14.20130511_ol001.el7_4.noarch          154/178 
DEBUG util.py:446:    Verifying  : curl-7.29.0-59.el7_9.2.x86_64                            155/178 
DEBUG util.py:446:    Verifying  : libxml2-2.9.1-6_ol018.el7.6.x86_64                       156/178 
DEBUG util.py:446:    Verifying  : json-c-0.11-4.el7_0.x86_64                               157/178 
DEBUG util.py:446:    Verifying  : cryptsetup-libs-2.0.3-6.el7.x86_64                       158/178 
DEBUG util.py:446:    Verifying  : centos-release-7-9.2009.2.el7.centos.x86_64              159/178 
DEBUG util.py:446:    Verifying  : glibc-devel-2.17-326_ol010.el7_9.3.x86_64                160/178 
DEBUG util.py:446:    Verifying  : libcap-ng-0.7.5-4.el7.x86_64                             161/178 
DEBUG util.py:446:    Verifying  : 1:gmp-6.0.0-15.el7.x86_64                                162/178 
DEBUG util.py:446:    Verifying  : perl-Scalar-List-Utils-1.27-248.el7.x86_64               163/178 
DEBUG util.py:446:    Verifying  : p11-kit-trust-0.23.5-3.el7.x86_64                        164/178 
DEBUG util.py:446:    Verifying  : gcc-4.8.5-44_ol001.el7.x86_64                            165/178 
DEBUG util.py:446:    Verifying  : sed-4.2.2-7.el7.x86_64                                   166/178 
DEBUG util.py:446:    Verifying  : gzip-1.5-11.el7_9.x86_64                                 167/178 
DEBUG util.py:446:    Verifying  : krb5-libs-1.15.1-55_ol004.el7_9.x86_64                   168/178 
DEBUG util.py:446:    Verifying  : perl-podlators-2.5.1-3.el7.noarch                        169/178 
DEBUG util.py:446:    Verifying  : glibc-2.17-326_ol010.el7_9.3.x86_64                      170/178 
DEBUG util.py:446:    Verifying  : elfutils-0.176-5.el7.x86_64                              171/178 
DEBUG util.py:446:    Verifying  : libstdc++-devel-4.8.5-44_ol001.el7.x86_64                172/178 
DEBUG util.py:446:    Verifying  : libstdc++-4.8.5-44_ol001.el7.x86_64                      173/178 
DEBUG util.py:446:    Verifying  : rpm-4.11.3-48_ol003.el7.x86_64                           174/178 
DEBUG util.py:446:    Verifying  : libpwquality-1.2.3-5.el7.x86_64                          175/178 
DEBUG util.py:446:    Verifying  : xz-5.2.2-2.el7_9.x86_64                                  176/178 
DEBUG util.py:446:    Verifying  : elfutils-libs-0.176-5.el7.x86_64                         177/178 
DEBUG util.py:446:    Verifying  : redhat-rpm-config-9.1.0-88.el7.centos.noarch             178/178 
DEBUG util.py:446:  Installed:
DEBUG util.py:446:    bash.x86_64 0:4.2.46-35_ol002.el7                                             
DEBUG util.py:446:    bzip2.x86_64 0:1.0.6-13_ol001.el7                                             
DEBUG util.py:446:    coreutils.x86_64 0:8.22-24_ol001.el7.2                                        
DEBUG util.py:446:    cpio.x86_64 0:2.11-28_ol003.el7                                               
DEBUG util.py:446:    diffutils.x86_64 0:3.3-6.el7_9                                                
DEBUG util.py:446:    epel-release.noarch 0:7-14                                                    
DEBUG util.py:446:    epel-rpm-macros.noarch 0:7-38                                                 
DEBUG util.py:446:    findutils.x86_64 1:4.5.11-6.el7                                               
DEBUG util.py:446:    gawk.x86_64 0:4.0.2-4.el7_3.1                                                 
DEBUG util.py:446:    gcc.x86_64 0:4.8.5-44_ol001.el7                                               
DEBUG util.py:446:    gcc-c++.x86_64 0:4.8.5-44_ol001.el7                                           
DEBUG util.py:446:    grep.x86_64 0:2.20-3.el7                                                      
DEBUG util.py:446:    gzip.x86_64 0:1.5-11.el7_9                                                    
DEBUG util.py:446:    info.x86_64 0:5.1-5.el7                                                       
DEBUG util.py:446:    make.x86_64 1:3.82-24.el7                                                     
DEBUG util.py:446:    patch.x86_64 0:2.7.1-12.el7_7                                                 
DEBUG util.py:446:    redhat-rpm-config.noarch 0:9.1.0-88.el7.centos                                
DEBUG util.py:446:    rpm-build.x86_64 0:4.11.3-48_ol003.el7                                        
DEBUG util.py:446:    sed.x86_64 0:4.2.2-7.el7                                                      
DEBUG util.py:446:    shadow-utils.x86_64 2:4.6-5.el7                                               
DEBUG util.py:446:    tar.x86_64 2:1.26-35_ol001.el7                                                
DEBUG util.py:446:    unzip.x86_64 0:6.0-24.el7_9                                                   
DEBUG util.py:446:    util-linux.x86_64 0:2.23.2-65.el7_9.1                                         
DEBUG util.py:446:    which.x86_64 0:2.20-7.el7                                                     
DEBUG util.py:446:    xz.x86_64 0:5.2.2-2.el7_9                                                     
DEBUG util.py:446:  Dependency Installed:
DEBUG util.py:446:    acl.x86_64 0:2.2.51-15.el7                                                    
DEBUG util.py:446:    audit-libs.x86_64 0:2.8.5-4.el7                                               
DEBUG util.py:446:    basesystem.noarch 0:10.0-7.el7.centos                                         
DEBUG util.py:446:    binutils.x86_64 0:2.27-44.base_ol005.el7.1                                    
DEBUG util.py:446:    bzip2-libs.x86_64 0:1.0.6-13_ol001.el7                                        
DEBUG util.py:446:    ca-certificates.noarch 0:2023.2.60_v7.0.306-72.el7_9                          
DEBUG util.py:446:    centos-release.x86_64 0:7-9.2009.2.el7.centos                                 
DEBUG util.py:446:    chkconfig.x86_64 0:1.7.6-1.el7                                                
DEBUG util.py:446:    cpp.x86_64 0:4.8.5-44_ol001.el7                                               
DEBUG util.py:446:    cracklib.x86_64 0:2.9.0-11.el7                                                
DEBUG util.py:446:    cracklib-dicts.x86_64 0:2.9.0-11.el7                                          
DEBUG util.py:446:    cryptsetup-libs.x86_64 0:2.0.3-6.el7                                          
DEBUG util.py:446:    curl.x86_64 0:7.29.0-59.el7_9.2                                               
DEBUG util.py:446:    cyrus-sasl-lib.x86_64 0:2.1.26-24_ol001.el7                                   
DEBUG util.py:446:    dbus.x86_64 1:1.10.24-15.el7                                                  
DEBUG util.py:446:    dbus-libs.x86_64 1:1.10.24-15.el7                                             
DEBUG util.py:446:    device-mapper.x86_64 7:1.02.170-6.el7_9.5                                     
DEBUG util.py:446:    device-mapper-libs.x86_64 7:1.02.170-6.el7_9.5                                
DEBUG util.py:446:    dracut.x86_64 0:033-572.el7                                                   
DEBUG util.py:446:    dwz.x86_64 0:0.11-3.el7                                                       
DEBUG util.py:446:    elfutils.x86_64 0:0.176-5.el7                                                 
DEBUG util.py:446:    elfutils-default-yama-scope.noarch 0:0.176-5.el7                              
DEBUG util.py:446:    elfutils-libelf.x86_64 0:0.176-5.el7                                          
DEBUG util.py:446:    elfutils-libs.x86_64 0:0.176-5.el7                                            
DEBUG util.py:446:    expat.x86_64 0:2.1.0-15_ol009.el7                                             
DEBUG util.py:446:    file.x86_64 0:5.11-37.el7                                                     
DEBUG util.py:446:    file-libs.x86_64 0:5.11-37.el7                                                
DEBUG util.py:446:    filesystem.x86_64 0:3.2-25.el7                                                
DEBUG util.py:446:    gdb.x86_64 0:7.6.1-120.el7                                                    
DEBUG util.py:446:    gdbm.x86_64 0:1.10-8.el7                                                      
DEBUG util.py:446:    glib2.x86_64 0:2.56.1-9_ol008.el7                                             
DEBUG util.py:446:    glibc.x86_64 0:2.17-326_ol010.el7_9.3                                         
DEBUG util.py:446:    glibc-common.x86_64 0:2.17-326_ol010.el7_9.3                                  
DEBUG util.py:446:    glibc-devel.x86_64 0:2.17-326_ol010.el7_9.3                                   
DEBUG util.py:446:    glibc-headers.x86_64 0:2.17-326_ol010.el7_9.3                                 
DEBUG util.py:446:    gmp.x86_64 1:6.0.0-15.el7                                                     
DEBUG util.py:446:    gnupg2.x86_64 0:2.0.22-5.el7_5                                                
DEBUG util.py:446:    groff-base.x86_64 0:1.22.2-8.el7                                              
DEBUG util.py:446:    hardlink.x86_64 1:1.0-19.el7                                                  
DEBUG util.py:446:    json-c.x86_64 0:0.11-4.el7_0                                                  
DEBUG util.py:446:    kernel-headers.x86_64 0:3.10.0-1160.119.1_ol008.el7                           
DEBUG util.py:446:    keyutils-libs.x86_64 0:1.5.8-3.el7                                            
DEBUG util.py:446:    kmod.x86_64 0:20-28.el7                                                       
DEBUG util.py:446:    kmod-libs.x86_64 0:20-28.el7                                                  
DEBUG util.py:446:    kpartx.x86_64 0:0.4.9-136.el7_9                                               
DEBUG util.py:446:    krb5-libs.x86_64 0:1.15.1-55_ol004.el7_9                                      
DEBUG util.py:446:    libacl.x86_64 0:2.2.51-15.el7                                                 
DEBUG util.py:446:    libassuan.x86_64 0:2.1.0-3.el7                                                
DEBUG util.py:446:    libattr.x86_64 0:2.4.46-13.el7                                                
DEBUG util.py:446:    libblkid.x86_64 0:2.23.2-65.el7_9.1                                           
DEBUG util.py:446:    libcap.x86_64 0:2.22-11.el7                                                   
DEBUG util.py:446:    libcap-ng.x86_64 0:0.7.5-4.el7                                                
DEBUG util.py:446:    libcom_err.x86_64 0:1.42.9-19.el7                                             
DEBUG util.py:446:    libcurl.x86_64 0:7.29.0-59.el7_9.2                                            
DEBUG util.py:446:    libdb.x86_64 0:5.3.21-25.el7                                                  
DEBUG util.py:446:    libdb-utils.x86_64 0:5.3.21-25.el7                                            
DEBUG util.py:446:    libffi.x86_64 0:3.0.13-19.el7                                                 
DEBUG util.py:446:    libgcc.x86_64 0:4.8.5-44_ol001.el7                                            
DEBUG util.py:446:    libgcrypt.x86_64 0:1.5.3-14_ol001.el7                                         
DEBUG util.py:446:    libgomp.x86_64 0:4.8.5-44_ol001.el7                                           
DEBUG util.py:446:    libgpg-error.x86_64 0:1.12-3.el7                                              
DEBUG util.py:446:    libidn.x86_64 0:1.28-4.el7                                                    
DEBUG util.py:446:    libmount.x86_64 0:2.23.2-65.el7_9.1                                           
DEBUG util.py:446:    libmpc.x86_64 0:1.0.1-3.el7                                                   
DEBUG util.py:446:    libpwquality.x86_64 0:1.2.3-5.el7                                             
DEBUG util.py:446:    libselinux.x86_64 0:2.5-15.el7                                                
DEBUG util.py:446:    libsemanage.x86_64 0:2.5-14.el7                                               
DEBUG util.py:446:    libsepol.x86_64 0:2.5-10.el7                                                  
DEBUG util.py:446:    libsmartcols.x86_64 0:2.23.2-65.el7_9.1                                       
DEBUG util.py:446:    libssh2.x86_64 0:1.8.0-4_ol003.el7_9.1                                        
DEBUG util.py:446:    libstdc++.x86_64 0:4.8.5-44_ol001.el7                                         
DEBUG util.py:446:    libstdc++-devel.x86_64 0:4.8.5-44_ol001.el7                                   
DEBUG util.py:446:    libtasn1.x86_64 0:4.10-1.el7                                                  
DEBUG util.py:446:    libuser.x86_64 0:0.60-9.el7                                                   
DEBUG util.py:446:    libutempter.x86_64 0:1.1.6-4.el7                                              
DEBUG util.py:446:    libuuid.x86_64 0:2.23.2-65.el7_9.1                                            
DEBUG util.py:446:    libverto.x86_64 0:0.2.5-4.el7                                                 
DEBUG util.py:446:    libxml2.x86_64 0:2.9.1-6_ol018.el7.6                                          
DEBUG util.py:446:    lua.x86_64 0:5.1.4-15.el7                                                     
DEBUG util.py:446:    lua-srpm-macros.noarch 0:1-13.el7                                             
DEBUG util.py:446:    lz4.x86_64 0:1.8.3-1.el7                                                      
DEBUG util.py:446:    mpfr.x86_64 0:3.1.1-4.el7                                                     
DEBUG util.py:446:    ncurses.x86_64 0:5.9-14.20130511_ol001.el7_4                                  
DEBUG util.py:446:    ncurses-base.noarch 0:5.9-14.20130511_ol001.el7_4                             
DEBUG util.py:446:    ncurses-libs.x86_64 0:5.9-14.20130511_ol001.el7_4                             
DEBUG util.py:446:    nspr.x86_64 0:4.35.0-1.el7_9                                                  
DEBUG util.py:446:    nss.x86_64 0:3.90.0-2.el7_9                                                   
DEBUG util.py:446:    nss-pem.x86_64 0:1.0.3-7.el7_9.1                                              
DEBUG util.py:446:    nss-softokn.x86_64 0:3.90.0-6.el7_9                                           
DEBUG util.py:446:    nss-softokn-freebl.x86_64 0:3.90.0-6.el7_9                                    
DEBUG util.py:446:    nss-sysinit.x86_64 0:3.90.0-2.el7_9                                           
DEBUG util.py:446:    nss-tools.x86_64 0:3.90.0-2.el7_9                                             
DEBUG util.py:446:    nss-util.x86_64 0:3.90.0-1.el7_9                                              
DEBUG util.py:446:    openldap.x86_64 0:2.4.44-25_ol005.el7_9                                       
DEBUG util.py:446:    openssl-libs.x86_64 1:1.0.2k-26_ol002.el7_9                                   
DEBUG util.py:446:    p11-kit.x86_64 0:0.23.5-3.el7                                                 
DEBUG util.py:446:    p11-kit-trust.x86_64 0:0.23.5-3.el7                                           
DEBUG util.py:446:    pam.x86_64 0:1.1.8-23.el7                                                     
DEBUG util.py:446:    pcre.x86_64 0:8.32-17_ol002.el7                                               
DEBUG util.py:446:    perl.x86_64 4:5.16.3-299_ol004.el7                                            
DEBUG util.py:446:    perl-Carp.noarch 0:1.26-244.el7                                               
DEBUG util.py:446:    perl-Encode.x86_64 0:2.51-7.el7                                               
DEBUG util.py:446:    perl-Exporter.noarch 0:5.68-3.el7                                             
DEBUG util.py:446:    perl-File-Path.noarch 0:2.09-2.el7                                            
DEBUG util.py:446:    perl-File-Temp.noarch 0:0.23.01-3.el7                                         
DEBUG util.py:446:    perl-Filter.x86_64 0:1.49-3.el7                                               
DEBUG util.py:446:    perl-Getopt-Long.noarch 0:2.40-3.el7                                          
DEBUG util.py:446:    perl-HTTP-Tiny.noarch 0:0.033-3_ol001.el7                                     
DEBUG util.py:446:    perl-PathTools.x86_64 0:3.40-5.el7                                            
DEBUG util.py:446:    perl-Pod-Escapes.noarch 1:1.04-299_ol004.el7                                  
DEBUG util.py:446:    perl-Pod-Perldoc.noarch 0:3.20-4.el7                                          
DEBUG util.py:446:    perl-Pod-Simple.noarch 1:3.28-4.el7                                           
DEBUG util.py:446:    perl-Pod-Usage.noarch 0:1.63-3.el7                                            
DEBUG util.py:446:    perl-Scalar-List-Utils.x86_64 0:1.27-248.el7                                  
DEBUG util.py:446:    perl-Socket.x86_64 0:2.010-5.el7                                              
DEBUG util.py:446:    perl-Storable.x86_64 0:2.45-3.el7                                             
DEBUG util.py:446:    perl-Text-ParseWords.noarch 0:3.29-4.el7                                      
DEBUG util.py:446:    perl-Thread-Queue.noarch 0:3.02-2.el7                                         
DEBUG util.py:446:    perl-Time-HiRes.x86_64 4:1.9725-3.el7                                         
DEBUG util.py:446:    perl-Time-Local.noarch 0:1.2300-2.el7                                         
DEBUG util.py:446:    perl-constant.noarch 0:1.27-2.el7                                             
DEBUG util.py:446:    perl-generators-epel.noarch 0:1-1.el7                                         
DEBUG util.py:446:    perl-libs.x86_64 4:5.16.3-299_ol004.el7                                       
DEBUG util.py:446:    perl-macros.x86_64 4:5.16.3-299_ol004.el7                                     
DEBUG util.py:446:    perl-parent.noarch 1:0.225-244.el7                                            
DEBUG util.py:446:    perl-podlators.noarch 0:2.5.1-3.el7                                           
DEBUG util.py:446:    perl-srpm-macros.noarch 0:1-8.el7                                             
DEBUG util.py:446:    perl-threads.x86_64 0:1.87-4.el7                                              
DEBUG util.py:446:    perl-threads-shared.x86_64 0:1.43-6.el7                                       
DEBUG util.py:446:    pinentry.x86_64 0:0.8.1-17.el7                                                
DEBUG util.py:446:    pkgconfig.x86_64 1:0.27.1-4.el7                                               
DEBUG util.py:446:    popt.x86_64 0:1.13-16.el7                                                     
DEBUG util.py:446:    procps-ng.x86_64 0:3.3.10-28.el7                                              
DEBUG util.py:446:    pth.x86_64 0:2.0.7-23.el7                                                     
DEBUG util.py:446:    python-libs.x86_64 0:2.7.5-94_ol015.el7                                       
DEBUG util.py:446:    python-rpm-macros.noarch 0:3-34.el7                                           
DEBUG util.py:446:    python-srpm-macros.noarch 0:3-34.el7                                          
DEBUG util.py:446:    python2-rpm-macros.noarch 0:3-34.el7                                          
DEBUG util.py:446:    qrencode-libs.x86_64 0:3.4.1-3.el7                                            
DEBUG util.py:446:    readline.x86_64 0:6.2-11.el7                                                  
DEBUG util.py:446:    rpm.x86_64 0:4.11.3-48_ol003.el7                                              
DEBUG util.py:446:    rpm-build-libs.x86_64 0:4.11.3-48_ol003.el7                                   
DEBUG util.py:446:    rpm-libs.x86_64 0:4.11.3-48_ol003.el7                                         
DEBUG util.py:446:    setup.noarch 0:2.8.71-11.el7                                                  
DEBUG util.py:446:    shared-mime-info.x86_64 0:1.8-5.el7                                           
DEBUG util.py:446:    sqlite.x86_64 0:3.7.17-8_ol004.el7.1                                          
DEBUG util.py:446:    systemd.x86_64 0:219-78_ol004.el7.9                                           
DEBUG util.py:446:    systemd-libs.x86_64 0:219-78_ol004.el7.9                                      
DEBUG util.py:446:    tzdata.noarch 0:2024a-1.el7                                                   
DEBUG util.py:446:    ustr.x86_64 0:1.0.4-16.el7                                                    
DEBUG util.py:446:    xz-libs.x86_64 0:5.2.2-2.el7_9                                                
DEBUG util.py:446:    zip.x86_64 0:3.0-11.el7                                                       
DEBUG util.py:446:    zlib.x86_64 0:1.2.7-21_ol002.el7_9                                            
DEBUG util.py:446:  Complete!
DEBUG util.py:597:  Child return code was: 0
DEBUG util.py:623:  child environment: None
DEBUG util.py:541:  Executing command: ['/bin/umount', '-n', '-l', '/var/lib/mock/centos+epel-7-x86_64/root/sys/fs/selinux'] with env {'TERM': 'vt100', 'SHELL': '/bin/sh', 'HOME': '/builddir', 'HOSTNAME': 'mock', 'PATH': '/usr/bin:/bin:/usr/sbin:/sbin', 'LANG': 'C.UTF-8'} and shell False
DEBUG util.py:597:  Child return code was: 0
DEBUG util.py:623:  child environment: None
DEBUG util.py:541:  Executing command: ['/bin/umount', '-n', '-l', '/var/lib/mock/centos+epel-7-x86_64/root/dev/pts'] with env {'TERM': 'vt100', 'SHELL': '/bin/sh', 'HOME': '/builddir', 'HOSTNAME': 'mock', 'PATH': '/usr/bin:/bin:/usr/sbin:/sbin', 'LANG': 'C.UTF-8'} and shell False
DEBUG util.py:597:  Child return code was: 0
DEBUG util.py:623:  child environment: None
DEBUG util.py:541:  Executing command: ['/bin/umount', '-n', '-l', '/var/lib/mock/centos+epel-7-x86_64/root/dev/shm'] with env {'TERM': 'vt100', 'SHELL': '/bin/sh', 'HOME': '/builddir', 'HOSTNAME': 'mock', 'PATH': '/usr/bin:/bin:/usr/sbin:/sbin', 'LANG': 'C.UTF-8'} and shell False
DEBUG util.py:597:  Child return code was: 0
DEBUG util.py:623:  child environment: None
DEBUG util.py:541:  Executing command: ['/bin/umount', '-n', '-l', '/var/lib/mock/centos+epel-7-x86_64/root/sys'] with env {'TERM': 'vt100', 'SHELL': '/bin/sh', 'HOME': '/builddir', 'HOSTNAME': 'mock', 'PATH': '/usr/bin:/bin:/usr/sbin:/sbin', 'LANG': 'C.UTF-8'} and shell False
DEBUG util.py:597:  Child return code was: 0
DEBUG util.py:623:  child environment: None
DEBUG util.py:541:  Executing command: ['/bin/umount', '-n', '-l', '/var/lib/mock/centos+epel-7-x86_64/root/sys'] with env {'TERM': 'vt100', 'SHELL': '/bin/sh', 'HOME': '/builddir', 'HOSTNAME': 'mock', 'PATH': '/usr/bin:/bin:/usr/sbin:/sbin', 'LANG': 'C.UTF-8'} and shell False
DEBUG util.py:597:  Child return code was: 0
DEBUG util.py:623:  child environment: None
DEBUG util.py:541:  Executing command: ['/bin/umount', '-n', '-l', '/var/lib/mock/centos+epel-7-x86_64/root/proc'] with env {'TERM': 'vt100', 'SHELL': '/bin/sh', 'HOME': '/builddir', 'HOSTNAME': 'mock', 'PATH': '/usr/bin:/bin:/usr/sbin:/sbin', 'LANG': 'C.UTF-8'} and shell False
DEBUG util.py:597:  Child return code was: 0
DEBUG util.py:623:  child environment: None
DEBUG util.py:541:  Executing command: ['/bin/umount', '-n', '-l', '/var/lib/mock/centos+epel-7-x86_64/root/proc'] with env {'TERM': 'vt100', 'SHELL': '/bin/sh', 'HOME': '/builddir', 'HOSTNAME': 'mock', 'PATH': '/usr/bin:/bin:/usr/sbin:/sbin', 'LANG': 'C.UTF-8'} and shell False
DEBUG util.py:597:  Child return code was: 0
DEBUG util.py:169:  kill orphans
DEBUG file_util.py:30:  touching file: /var/lib/mock/centos+epel-7-x86_64/root/etc/os-release
DEBUG util.py:623:  child environment: None
DEBUG util.py:536:  Using nspawn with args None
DEBUG util.py:541:  Executing command: ['/usr/bin/systemd-nspawn', '-q', '-M', 'a77f18d058dc4d708cc5e21ace14c38b', '-D', '/var/lib/mock/centos+epel-7-x86_64/root', '-a', '--setenv=TERM=vt100', '--setenv=SHELL=/bin/bash', '--setenv=HOME=/builddir', '--setenv=HOSTNAME=mock', '--setenv=PATH=/usr/bin:/bin:/usr/sbin:/sbin', '--setenv=PROMPT_COMMAND=printf "\\033]0;<mock-chroot>\\007"', '--setenv=PS1=<mock-chroot> \\s-\\v\\$ ', '--setenv=LANG=C.UTF-8', '--resolv-conf=off', '/usr/sbin/userdel', '-f', 'mockbuild'] with env {'TERM': 'vt100', 'SHELL': '/bin/bash', 'HOME': '/builddir', 'HOSTNAME': 'mock', 'PATH': '/usr/bin:/bin:/usr/sbin:/sbin', 'PROMPT_COMMAND': 'printf "\\033]0;<mock-chroot>\\007"', 'PS1': '<mock-chroot> \\s-\\v\\$ ', 'LANG': 'C.UTF-8', 'SYSTEMD_NSPAWN_TMPFS_TMP': '0', 'SYSTEMD_SECCOMP': '0'} and shell False
DEBUG util.py:444:  userdel: user 'mockbuild' does not exist
DEBUG util.py:597:  Child return code was: 6
DEBUG util.py:623:  child environment: None
DEBUG util.py:536:  Using nspawn with args None
DEBUG util.py:541:  Executing command: ['/usr/bin/systemd-nspawn', '-q', '-M', '9317b448e0f44aa28785d95c5ac2977d', '-D', '/var/lib/mock/centos+epel-7-x86_64/root', '-a', '--setenv=TERM=vt100', '--setenv=SHELL=/bin/bash', '--setenv=HOME=/builddir', '--setenv=HOSTNAME=mock', '--setenv=PATH=/usr/bin:/bin:/usr/sbin:/sbin', '--setenv=PROMPT_COMMAND=printf "\\033]0;<mock-chroot>\\007"', '--setenv=PS1=<mock-chroot> \\s-\\v\\$ ', '--setenv=LANG=C.UTF-8', '--resolv-conf=off', '/usr/sbin/groupdel', 'mock'] with env {'TERM': 'vt100', 'SHELL': '/bin/bash', 'HOME': '/builddir', 'HOSTNAME': 'mock', 'PATH': '/usr/bin:/bin:/usr/sbin:/sbin', 'PROMPT_COMMAND': 'printf "\\033]0;<mock-chroot>\\007"', 'PS1': '<mock-chroot> \\s-\\v\\$ ', 'LANG': 'C.UTF-8', 'SYSTEMD_NSPAWN_TMPFS_TMP': '0', 'SYSTEMD_SECCOMP': '0'} and shell False
DEBUG util.py:444:  groupdel: group 'mock' does not exist
DEBUG util.py:597:  Child return code was: 6
DEBUG util.py:623:  child environment: None
DEBUG util.py:536:  Using nspawn with args None
DEBUG util.py:541:  Executing command: ['/usr/bin/systemd-nspawn', '-q', '-M', '15ac0e91696a4844bf5b0e40ff9b118c', '-D', '/var/lib/mock/centos+epel-7-x86_64/root', '-a', '--setenv=TERM=vt100', '--setenv=SHELL=/bin/bash', '--setenv=HOME=/builddir', '--setenv=HOSTNAME=mock', '--setenv=PATH=/usr/bin:/bin:/usr/sbin:/sbin', '--setenv=PROMPT_COMMAND=printf "\\033]0;<mock-chroot>\\007"', '--setenv=PS1=<mock-chroot> \\s-\\v\\$ ', '--setenv=LANG=C.UTF-8', '--resolv-conf=off', '/usr/sbin/groupadd', '-g', '135', 'mock'] with env {'TERM': 'vt100', 'SHELL': '/bin/bash', 'HOME': '/builddir', 'HOSTNAME': 'mock', 'PATH': '/usr/bin:/bin:/usr/sbin:/sbin', 'PROMPT_COMMAND': 'printf "\\033]0;<mock-chroot>\\007"', 'PS1': '<mock-chroot> \\s-\\v\\$ ', 'LANG': 'C.UTF-8', 'SYSTEMD_NSPAWN_TMPFS_TMP': '0', 'SYSTEMD_SECCOMP': '0'} and shell False
DEBUG util.py:597:  Child return code was: 0
DEBUG util.py:623:  child environment: None
DEBUG util.py:536:  Using nspawn with args None
DEBUG util.py:541:  Executing command: ['/usr/bin/systemd-nspawn', '-q', '-M', '84c4de715a624682b73c1156d0caf96e', '-D', '/var/lib/mock/centos+epel-7-x86_64/root', '-a', '--setenv=TERM=vt100', '--setenv=SHELL=/bin/bash', '--setenv=HOME=/builddir', '--setenv=HOSTNAME=mock', '--setenv=PATH=/usr/bin:/bin:/usr/sbin:/sbin', '--setenv=PROMPT_COMMAND=printf "\\033]0;<mock-chroot>\\007"', '--setenv=PS1=<mock-chroot> \\s-\\v\\$ ', '--setenv=LANG=C.UTF-8', '--resolv-conf=off', '/usr/sbin/useradd', '-o', '-m', '-u', '1000', '-g', '135', '-d', '/builddir', '-n', 'mockbuild'] with env {'TERM': 'vt100', 'SHELL': '/bin/bash', 'HOME': '/builddir', 'HOSTNAME': 'mock', 'PATH': '/usr/bin:/bin:/usr/sbin:/sbin', 'PROMPT_COMMAND': 'printf "\\033]0;<mock-chroot>\\007"', 'PS1': '<mock-chroot> \\s-\\v\\$ ', 'LANG': 'C.UTF-8', 'SYSTEMD_NSPAWN_TMPFS_TMP': '0', 'SYSTEMD_SECCOMP': '0'} and shell False
DEBUG util.py:597:  Child return code was: 0
DEBUG file_util.py:17:  ensuring that dir exists: /var/lib/mock/centos+epel-7-x86_64/root/builddir/build
DEBUG file_util.py:20:  creating dir: /var/lib/mock/centos+epel-7-x86_64/root/builddir/build
DEBUG file_util.py:17:  ensuring that dir exists: /var/lib/mock/centos+epel-7-x86_64/root/builddir/build/RPMS
DEBUG file_util.py:20:  creating dir: /var/lib/mock/centos+epel-7-x86_64/root/builddir/build/RPMS
DEBUG file_util.py:17:  ensuring that dir exists: /var/lib/mock/centos+epel-7-x86_64/root/builddir/build/SPECS
DEBUG file_util.py:20:  creating dir: /var/lib/mock/centos+epel-7-x86_64/root/builddir/build/SPECS
DEBUG file_util.py:17:  ensuring that dir exists: /var/lib/mock/centos+epel-7-x86_64/root/builddir/build/SRPMS
DEBUG file_util.py:20:  creating dir: /var/lib/mock/centos+epel-7-x86_64/root/builddir/build/SRPMS
DEBUG file_util.py:17:  ensuring that dir exists: /var/lib/mock/centos+epel-7-x86_64/root/builddir/build/SOURCES
DEBUG file_util.py:20:  creating dir: /var/lib/mock/centos+epel-7-x86_64/root/builddir/build/SOURCES
DEBUG file_util.py:17:  ensuring that dir exists: /var/lib/mock/centos+epel-7-x86_64/root/builddir/build/BUILD
DEBUG file_util.py:20:  creating dir: /var/lib/mock/centos+epel-7-x86_64/root/builddir/build/BUILD
DEBUG file_util.py:17:  ensuring that dir exists: /var/lib/mock/centos+epel-7-x86_64/root/builddir/build/BUILDROOT
DEBUG file_util.py:20:  creating dir: /var/lib/mock/centos+epel-7-x86_64/root/builddir/build/BUILDROOT
DEBUG file_util.py:17:  ensuring that dir exists: /var/lib/mock/centos+epel-7-x86_64/root/builddir/build/originals
DEBUG file_util.py:20:  creating dir: /var/lib/mock/centos+epel-7-x86_64/root/builddir/build/originals
DEBUG file_util.py:17:  ensuring that dir exists: /var/lib/mock/centos+epel-7-x86_64/root/builddir
DEBUG file_util.py:30:  touching file: /var/lib/mock/centos+epel-7-x86_64/root/.initialized
DEBUG util.py:623:  child environment: None
DEBUG util.py:541:  Executing command: ['sync'] with env {'TERM': 'vt100', 'SHELL': '/bin/sh', 'HOME': '/builddir', 'HOSTNAME': 'mock', 'PATH': '/usr/bin:/bin:/usr/sbin:/sbin', 'LANG': 'C.UTF-8'} and shell False
DEBUG util.py:597:  Child return code was: 0
DEBUG util.py:623:  child environment: None
DEBUG util.py:541:  Executing command: ['gtar', '--one-file-system', '--exclude-caches', '--exclude-caches-under', '--use-compress-program', 'pigz', '-cf', '/var/cache/mock/centos+epel-7-x86_64/root_cache/cache.tar.gz', '-C', '/var/lib/mock/centos+epel-7-x86_64/root', '--exclude=./proc', '--exclude=./sys', '--exclude=./dev', '--exclude=./tmp/ccache', '--exclude=./var/cache/yum', '--exclude=./var/cache/dnf', '--exclude=./var/log', '--exclude=.//proc', '--exclude=.//proc', '--exclude=.//sys', '--exclude=.//sys', '--exclude=.//dev/shm', '--exclude=.//dev/pts', '--exclude=.//sys/fs/selinux', '--exclude=.//var/cache/yum', '--exclude=.//var/cache/dnf', '--exclude=.//proc/filesystems', '--exclude=./var/lib/mock/centos+epel-7-x86_64-bootstrap/root/var/lib/mock/centos+epel-7-x86_64/root', '--exclude=./var/lib/mock/centos+epel-7-x86_64-bootstrap/root/var/lib/mock/centos+epel-7-x86_64/root', '--exclude=.//var/lib/pesign', '--exclude=.//var/run/pesign', '.'] with env {'TERM': 'vt100', 'SHELL': '/bin/sh', 'HOME': '/builddir', 'HOSTNAME': 'mock', 'PATH': '/usr/bin:/bin:/usr/sbin:/sbin', 'LANG': 'C.UTF-8'} and shell False
DEBUG util.py:597:  Child return code was: 0
DEBUG file_util.py:17:  ensuring that dir exists: /var/lib/pesign
DEBUG file_util.py:17:  ensuring that dir exists: /var/lib/mock/centos+epel-7-x86_64/root/var/lib/pesign
DEBUG file_util.py:20:  creating dir: /var/lib/mock/centos+epel-7-x86_64/root/var/lib/pesign
DEBUG file_util.py:17:  ensuring that dir exists: /var/run/pesign
DEBUG file_util.py:17:  ensuring that dir exists: /var/lib/mock/centos+epel-7-x86_64/root/var/run/pesign
DEBUG file_util.py:20:  creating dir: /var/lib/mock/centos+epel-7-x86_64/root/var/run/pesign
DEBUG file_util.py:17:  ensuring that dir exists: /var/lib/mock/centos+epel-7-x86_64/root/var/lib/pesign
DEBUG util.py:623:  child environment: None
DEBUG util.py:541:  Executing command: ['/bin/mount', '-n', '-o', 'bind', '/var/lib/pesign', '/var/lib/mock/centos+epel-7-x86_64/root/var/lib/pesign'] with env {'TERM': 'vt100', 'SHELL': '/bin/sh', 'HOME': '/builddir', 'HOSTNAME': 'mock', 'PATH': '/usr/bin:/bin:/usr/sbin:/sbin', 'LANG': 'C.UTF-8'} and shell False
DEBUG util.py:597:  Child return code was: 0
DEBUG file_util.py:17:  ensuring that dir exists: /var/lib/mock/centos+epel-7-x86_64/root/var/run/pesign
DEBUG util.py:623:  child environment: None
DEBUG util.py:541:  Executing command: ['/bin/mount', '-n', '-o', 'bind', '/var/run/pesign', '/var/lib/mock/centos+epel-7-x86_64/root/var/run/pesign'] with env {'TERM': 'vt100', 'SHELL': '/bin/sh', 'HOME': '/builddir', 'HOSTNAME': 'mock', 'PATH': '/usr/bin:/bin:/usr/sbin:/sbin', 'LANG': 'C.UTF-8'} and shell False
DEBUG util.py:597:  Child return code was: 0
DEBUG util.py:623:  child environment: None
DEBUG util.py:536:  Using nspawn with args None
DEBUG util.py:541:  Executing command: ['/usr/bin/systemd-nspawn', '-q', '-M', 'c85629086db74906af706bcd9433fc50', '-D', '/var/lib/mock/centos+epel-7-x86_64-bootstrap/root', '-a', '--setenv=TERM=vt100', '--setenv=SHELL=/bin/bash', '--setenv=HOME=/builddir', '--setenv=HOSTNAME=mock', '--setenv=PATH=/usr/bin:/bin:/usr/sbin:/sbin', '--setenv=PROMPT_COMMAND=printf "\\033]0;<mock-chroot>\\007"', '--setenv=PS1=<mock-chroot> \\s-\\v\\$ ', '--setenv=LANG=C.UTF-8', '--resolv-conf=off', '/bin/rpm', '-qa', '--root', '/var/lib/mock/centos+epel-7-x86_64/root'] with env {'TERM': 'vt100', 'SHELL': '/bin/bash', 'HOME': '/builddir', 'HOSTNAME': 'mock', 'PATH': '/usr/bin:/bin:/usr/sbin:/sbin', 'PROMPT_COMMAND': 'printf "\\033]0;<mock-chroot>\\007"', 'PS1': '<mock-chroot> \\s-\\v\\$ ', 'LANG': 'C.UTF-8', 'SYSTEMD_NSPAWN_TMPFS_TMP': '0', 'SYSTEMD_SECCOMP': '0'} and shell False
DEBUG util.py:446:  libgcc-4.8.5-44_ol001.el7.x86_64
DEBUG util.py:446:  setup-2.8.71-11.el7.noarch
DEBUG util.py:446:  python-srpm-macros-3-34.el7.noarch
DEBUG util.py:446:  basesystem-10.0-7.el7.centos.noarch
DEBUG util.py:446:  perl-srpm-macros-1-8.el7.noarch
DEBUG util.py:446:  nss-softokn-freebl-3.90.0-6.el7_9.x86_64
DEBUG util.py:446:  glibc-2.17-326_ol010.el7_9.3.x86_64
DEBUG util.py:446:  nss-util-3.90.0-1.el7_9.x86_64
DEBUG util.py:446:  ncurses-libs-5.9-14.20130511_ol001.el7_4.x86_64
DEBUG util.py:446:  libsepol-2.5-10.el7.x86_64
DEBUG util.py:446:  libselinux-2.5-15.el7.x86_64
DEBUG util.py:446:  info-5.1-5.el7.x86_64
DEBUG util.py:446:  xz-libs-5.2.2-2.el7_9.x86_64
DEBUG util.py:446:  libdb-5.3.21-25.el7.x86_64
DEBUG util.py:446:  gmp-6.0.0-15.el7.x86_64
DEBUG util.py:446:  libattr-2.4.46-13.el7.x86_64
DEBUG util.py:446:  libcap-2.22-11.el7.x86_64
DEBUG util.py:446:  libgpg-error-1.12-3.el7.x86_64
DEBUG util.py:446:  lua-5.1.4-15.el7.x86_64
DEBUG util.py:446:  mpfr-3.1.1-4.el7.x86_64
DEBUG util.py:446:  libffi-3.0.13-19.el7.x86_64
DEBUG util.py:446:  libcom_err-1.42.9-19.el7.x86_64
DEBUG util.py:446:  xz-5.2.2-2.el7_9.x86_64
DEBUG util.py:446:  cpio-2.11-28_ol003.el7.x86_64
DEBUG util.py:446:  diffutils-3.3-6.el7_9.x86_64
DEBUG util.py:446:  expat-2.1.0-15_ol009.el7.x86_64
DEBUG util.py:446:  audit-libs-2.8.5-4.el7.x86_64
DEBUG util.py:446:  sqlite-3.7.17-8_ol004.el7.1.x86_64
DEBUG util.py:446:  tar-1.26-35_ol001.el7.x86_64
DEBUG util.py:446:  lz4-1.8.3-1.el7.x86_64
DEBUG util.py:446:  cpp-4.8.5-44_ol001.el7.x86_64
DEBUG util.py:446:  libassuan-2.1.0-3.el7.x86_64
DEBUG util.py:446:  patch-2.7.1-12.el7_7.x86_64
DEBUG util.py:446:  perl-parent-0.225-244.el7.noarch
DEBUG util.py:446:  perl-podlators-2.5.1-3.el7.noarch
DEBUG util.py:446:  perl-Pod-Escapes-1.04-299_ol004.el7.noarch
DEBUG util.py:446:  perl-Encode-2.51-7.el7.x86_64
DEBUG util.py:446:  perl-macros-5.16.3-299_ol004.el7.x86_64
DEBUG util.py:446:  perl-Time-HiRes-1.9725-3.el7.x86_64
DEBUG util.py:446:  perl-Storable-2.45-3.el7.x86_64
DEBUG util.py:446:  perl-Filter-1.49-3.el7.x86_64
DEBUG util.py:446:  perl-constant-1.27-2.el7.noarch
DEBUG util.py:446:  perl-Time-Local-1.2300-2.el7.noarch
DEBUG util.py:446:  perl-File-Temp-0.23.01-3.el7.noarch
DEBUG util.py:446:  perl-PathTools-3.40-5.el7.x86_64
DEBUG util.py:446:  perl-Pod-Simple-3.28-4.el7.noarch
DEBUG util.py:446:  perl-5.16.3-299_ol004.el7.x86_64
DEBUG util.py:446:  libdb-utils-5.3.21-25.el7.x86_64
DEBUG util.py:446:  kmod-libs-20-28.el7.x86_64
DEBUG util.py:446:  bzip2-1.0.6-13_ol001.el7.x86_64
DEBUG util.py:446:  zip-3.0-11.el7.x86_64
DEBUG util.py:446:  libgomp-4.8.5-44_ol001.el7.x86_64
DEBUG util.py:446:  libstdc++-devel-4.8.5-44_ol001.el7.x86_64
DEBUG util.py:446:  ustr-1.0.4-16.el7.x86_64
DEBUG util.py:446:  libverto-0.2.5-4.el7.x86_64
DEBUG util.py:446:  libtasn1-4.10-1.el7.x86_64
DEBUG util.py:446:  ca-certificates-2023.2.60_v7.0.306-72.el7_9.noarch
DEBUG util.py:446:  qrencode-libs-3.4.1-3.el7.x86_64
DEBUG util.py:446:  coreutils-8.22-24_ol001.el7.2.x86_64
DEBUG util.py:446:  krb5-libs-1.15.1-55_ol004.el7_9.x86_64
DEBUG util.py:446:  gzip-1.5-11.el7_9.x86_64
DEBUG util.py:446:  libmount-2.23.2-65.el7_9.1.x86_64
DEBUG util.py:446:  shared-mime-info-1.8-5.el7.x86_64
DEBUG util.py:446:  shadow-utils-4.6-5.el7.x86_64
DEBUG util.py:446:  cracklib-dicts-2.9.0-11.el7.x86_64
DEBUG util.py:446:  libpwquality-1.2.3-5.el7.x86_64
DEBUG util.py:446:  cyrus-sasl-lib-2.1.26-24_ol001.el7.x86_64
DEBUG util.py:446:  python-libs-2.7.5-94_ol015.el7.x86_64
DEBUG util.py:446:  nss-pem-1.0.3-7.el7_9.1.x86_64
DEBUG util.py:446:  nss-sysinit-3.90.0-2.el7_9.x86_64
DEBUG util.py:446:  libcurl-7.29.0-59.el7_9.2.x86_64
DEBUG util.py:446:  rpm-libs-4.11.3-48_ol003.el7.x86_64
DEBUG util.py:446:  openldap-2.4.44-25_ol005.el7_9.x86_64
DEBUG util.py:446:  gnupg2-2.0.22-5.el7_5.x86_64
DEBUG util.py:446:  perl-generators-epel-1-1.el7.noarch
DEBUG util.py:446:  redhat-rpm-config-9.1.0-88.el7.centos.noarch
DEBUG util.py:446:  util-linux-2.23.2-65.el7_9.1.x86_64
DEBUG util.py:446:  kpartx-0.4.9-136.el7_9.x86_64
DEBUG util.py:446:  device-mapper-libs-1.02.170-6.el7_9.5.x86_64
DEBUG util.py:446:  dracut-033-572.el7.x86_64
DEBUG util.py:446:  elfutils-libs-0.176-5.el7.x86_64
DEBUG util.py:446:  dbus-libs-1.10.24-15.el7.x86_64
DEBUG util.py:446:  elfutils-default-yama-scope-0.176-5.el7.noarch
DEBUG util.py:446:  elfutils-0.176-5.el7.x86_64
DEBUG util.py:446:  kernel-headers-3.10.0-1160.119.1_ol008.el7.x86_64
DEBUG util.py:446:  glibc-devel-2.17-326_ol010.el7_9.3.x86_64
DEBUG util.py:446:  gcc-c++-4.8.5-44_ol001.el7.x86_64
DEBUG util.py:446:  rpm-build-4.11.3-48_ol003.el7.x86_64
DEBUG util.py:446:  which-2.20-7.el7.x86_64
DEBUG util.py:446:  gpg-pubkey-352c64e5-52ae6884
DEBUG util.py:446:  centos-release-7-9.2009.2.el7.centos.x86_64
DEBUG util.py:446:  filesystem-3.2-25.el7.x86_64
DEBUG util.py:446:  python-rpm-macros-3-34.el7.noarch
DEBUG util.py:446:  ncurses-base-5.9-14.20130511_ol001.el7_4.noarch
DEBUG util.py:446:  tzdata-2024a-1.el7.noarch
DEBUG util.py:446:  glibc-common-2.17-326_ol010.el7_9.3.x86_64
DEBUG util.py:446:  nspr-4.35.0-1.el7_9.x86_64
DEBUG util.py:446:  libstdc++-4.8.5-44_ol001.el7.x86_64
DEBUG util.py:446:  bash-4.2.46-35_ol002.el7.x86_64
DEBUG util.py:446:  pcre-8.32-17_ol002.el7.x86_64
DEBUG util.py:446:  zlib-1.2.7-21_ol002.el7_9.x86_64
DEBUG util.py:446:  bzip2-libs-1.0.6-13_ol001.el7.x86_64
DEBUG util.py:446:  elfutils-libelf-0.176-5.el7.x86_64
DEBUG util.py:446:  sed-4.2.2-7.el7.x86_64
DEBUG util.py:446:  popt-1.13-16.el7.x86_64
DEBUG util.py:446:  libacl-2.2.51-15.el7.x86_64
DEBUG util.py:446:  readline-6.2-11.el7.x86_64
DEBUG util.py:446:  libgcrypt-1.5.3-14_ol001.el7.x86_64
DEBUG util.py:446:  chkconfig-1.7.6-1.el7.x86_64
DEBUG util.py:446:  grep-2.20-3.el7.x86_64
DEBUG util.py:446:  libuuid-2.23.2-65.el7_9.1.x86_64
DEBUG util.py:446:  libmpc-1.0.1-3.el7.x86_64
DEBUG util.py:446:  gawk-4.0.2-4.el7_3.1.x86_64
DEBUG util.py:446:  findutils-4.5.11-6.el7.x86_64
DEBUG util.py:446:  file-libs-5.11-37.el7.x86_64
DEBUG util.py:446:  libcap-ng-0.7.5-4.el7.x86_64
DEBUG util.py:446:  p11-kit-0.23.5-3.el7.x86_64
DEBUG util.py:446:  nss-softokn-3.90.0-6.el7_9.x86_64
DEBUG util.py:446:  gdbm-1.10-8.el7.x86_64
DEBUG util.py:446:  file-5.11-37.el7.x86_64
DEBUG util.py:446:  pinentry-0.8.1-17.el7.x86_64
DEBUG util.py:446:  acl-2.2.51-15.el7.x86_64
DEBUG util.py:446:  groff-base-1.22.2-8.el7.x86_64
DEBUG util.py:446:  perl-HTTP-Tiny-0.033-3_ol001.el7.noarch
DEBUG util.py:446:  perl-Pod-Perldoc-3.20-4.el7.noarch
DEBUG util.py:446:  perl-Text-ParseWords-3.29-4.el7.noarch
DEBUG util.py:446:  perl-Pod-Usage-1.63-3.el7.noarch
DEBUG util.py:446:  perl-libs-5.16.3-299_ol004.el7.x86_64
DEBUG util.py:446:  perl-threads-1.87-4.el7.x86_64
DEBUG util.py:446:  perl-Carp-1.26-244.el7.noarch
DEBUG util.py:446:  perl-Exporter-5.68-3.el7.noarch
DEBUG util.py:446:  perl-Socket-2.010-5.el7.x86_64
DEBUG util.py:446:  perl-threads-shared-1.43-6.el7.x86_64
DEBUG util.py:446:  perl-File-Path-2.09-2.el7.noarch
DEBUG util.py:446:  perl-Scalar-List-Utils-1.27-248.el7.x86_64
DEBUG util.py:446:  perl-Getopt-Long-2.40-3.el7.noarch
DEBUG util.py:446:  perl-Thread-Queue-3.02-2.el7.noarch
DEBUG util.py:446:  dwz-0.11-3.el7.x86_64
DEBUG util.py:446:  libxml2-2.9.1-6_ol018.el7.6.x86_64
DEBUG util.py:446:  unzip-6.0-24.el7_9.x86_64
DEBUG util.py:446:  libidn-1.28-4.el7.x86_64
DEBUG util.py:446:  ncurses-5.9-14.20130511_ol001.el7_4.x86_64
DEBUG util.py:446:  libsmartcols-2.23.2-65.el7_9.1.x86_64
DEBUG util.py:446:  libsemanage-2.5-14.el7.x86_64
DEBUG util.py:446:  pth-2.0.7-23.el7.x86_64
DEBUG util.py:446:  p11-kit-trust-0.23.5-3.el7.x86_64
DEBUG util.py:446:  hardlink-1.0-19.el7.x86_64
DEBUG util.py:446:  keyutils-libs-1.5.8-3.el7.x86_64
DEBUG util.py:446:  openssl-libs-1.0.2k-26_ol002.el7_9.x86_64
DEBUG util.py:446:  libblkid-2.23.2-65.el7_9.1.x86_64
DEBUG util.py:446:  cracklib-2.9.0-11.el7.x86_64
DEBUG util.py:446:  glib2-2.56.1-9_ol008.el7.x86_64
DEBUG util.py:446:  binutils-2.27-44.base_ol005.el7.1.x86_64
DEBUG util.py:446:  pkgconfig-0.27.1-4.el7.x86_64
DEBUG util.py:446:  pam-1.1.8-23.el7.x86_64
DEBUG util.py:446:  libutempter-1.1.6-4.el7.x86_64
DEBUG util.py:446:  libssh2-1.8.0-4_ol003.el7_9.1.x86_64
DEBUG util.py:446:  gdb-7.6.1-120.el7.x86_64
DEBUG util.py:446:  nss-3.90.0-2.el7_9.x86_64
DEBUG util.py:446:  nss-tools-3.90.0-2.el7_9.x86_64
DEBUG util.py:446:  curl-7.29.0-59.el7_9.2.x86_64
DEBUG util.py:446:  rpm-4.11.3-48_ol003.el7.x86_64
DEBUG util.py:446:  libuser-0.60-9.el7.x86_64
DEBUG util.py:446:  rpm-build-libs-4.11.3-48_ol003.el7.x86_64
DEBUG util.py:446:  lua-srpm-macros-1-13.el7.noarch
DEBUG util.py:446:  json-c-0.11-4.el7_0.x86_64
DEBUG util.py:446:  procps-ng-3.3.10-28.el7.x86_64
DEBUG util.py:446:  device-mapper-1.02.170-6.el7_9.5.x86_64
DEBUG util.py:446:  cryptsetup-libs-2.0.3-6.el7.x86_64
DEBUG util.py:446:  kmod-20-28.el7.x86_64
DEBUG util.py:446:  systemd-libs-219-78_ol004.el7.9.x86_64
DEBUG util.py:446:  systemd-219-78_ol004.el7.9.x86_64
DEBUG util.py:446:  dbus-1.10.24-15.el7.x86_64
DEBUG util.py:446:  python2-rpm-macros-3-34.el7.noarch
DEBUG util.py:446:  glibc-headers-2.17-326_ol010.el7_9.3.x86_64
DEBUG util.py:446:  gcc-4.8.5-44_ol001.el7.x86_64
DEBUG util.py:446:  epel-rpm-macros-7-38.noarch
DEBUG util.py:446:  make-3.82-24.el7.x86_64
DEBUG util.py:446:  epel-release-7-14.noarch
DEBUG util.py:597:  Child return code was: 0
INFO backend.py:234:  Installed packages:
INFO backend.py:235:  perl-HTTP-Tiny-0.033-3_ol001.el7.noarch
nss-sysinit-3.90.0-2.el7_9.x86_64
binutils-2.27-44.base_ol005.el7.1.x86_64
libassuan-2.1.0-3.el7.x86_64
libffi-3.0.13-19.el7.x86_64
perl-5.16.3-299_ol004.el7.x86_64
python-libs-2.7.5-94_ol015.el7.x86_64
tzdata-2024a-1.el7.noarch
grep-2.20-3.el7.x86_64
zlib-1.2.7-21_ol002.el7_9.x86_64
gcc-c++-4.8.5-44_ol001.el7.x86_64
basesystem-10.0-7.el7.centos.noarch
nspr-4.35.0-1.el7_9.x86_64
libuser-0.60-9.el7.x86_64
util-linux-2.23.2-65.el7_9.1.x86_64
perl-Text-ParseWords-3.29-4.el7.noarch
libtasn1-4.10-1.el7.x86_64
ncurses-libs-5.9-14.20130511_ol001.el7_4.x86_64
mpfr-3.1.1-4.el7.x86_64
libsmartcols-2.23.2-65.el7_9.1.x86_64
kpartx-0.4.9-136.el7_9.x86_64
perl-generators-epel-1-1.el7.noarch
perl-File-Temp-0.23.01-3.el7.noarch
cryptsetup-libs-2.0.3-6.el7.x86_64
info-5.1-5.el7.x86_64
acl-2.2.51-15.el7.x86_64
perl-threads-shared-1.43-6.el7.x86_64
dbus-1.10.24-15.el7.x86_64
perl-Socket-2.010-5.el7.x86_64
libutempter-1.1.6-4.el7.x86_64
kmod-libs-20-28.el7.x86_64
perl-Scalar-List-Utils-1.27-248.el7.x86_64
perl-File-Path-2.09-2.el7.noarch
perl-PathTools-3.40-5.el7.x86_64
libidn-1.28-4.el7.x86_64
gmp-6.0.0-15.el7.x86_64
shared-mime-info-1.8-5.el7.x86_64
perl-Encode-2.51-7.el7.x86_64
coreutils-8.22-24_ol001.el7.2.x86_64
pth-2.0.7-23.el7.x86_64
audit-libs-2.8.5-4.el7.x86_64
elfutils-libs-0.176-5.el7.x86_64
perl-Getopt-Long-2.40-3.el7.noarch
pinentry-0.8.1-17.el7.x86_64
keyutils-libs-1.5.8-3.el7.x86_64
libsemanage-2.5-14.el7.x86_64
libcurl-7.29.0-59.el7_9.2.x86_64
ustr-1.0.4-16.el7.x86_64
libstdc++-4.8.5-44_ol001.el7.x86_64
tar-1.26-35_ol001.el7.x86_64
glib2-2.56.1-9_ol008.el7.x86_64
gdb-7.6.1-120.el7.x86_64
cracklib-dicts-2.9.0-11.el7.x86_64
epel-release-7-14.noarch
bzip2-1.0.6-13_ol001.el7.x86_64
perl-constant-1.27-2.el7.noarch
libmount-2.23.2-65.el7_9.1.x86_64
device-mapper-1.02.170-6.el7_9.5.x86_64
perl-Time-HiRes-1.9725-3.el7.x86_64
libmpc-1.0.1-3.el7.x86_64
libdb-utils-5.3.21-25.el7.x86_64
popt-1.13-16.el7.x86_64
pkgconfig-0.27.1-4.el7.x86_64
perl-Pod-Escapes-1.04-299_ol004.el7.noarch
elfutils-0.176-5.el7.x86_64
device-mapper-libs-1.02.170-6.el7_9.5.x86_64
libgcrypt-1.5.3-14_ol001.el7.x86_64
bzip2-libs-1.0.6-13_ol001.el7.x86_64
perl-Filter-1.49-3.el7.x86_64
gawk-4.0.2-4.el7_3.1.x86_64
libsepol-2.5-10.el7.x86_64
nss-softokn-freebl-3.90.0-6.el7_9.x86_64
file-libs-5.11-37.el7.x86_64
hardlink-1.0-19.el7.x86_64
libblkid-2.23.2-65.el7_9.1.x86_64
kmod-20-28.el7.x86_64
readline-6.2-11.el7.x86_64
cpp-4.8.5-44_ol001.el7.x86_64
which-2.20-7.el7.x86_64
python2-rpm-macros-3-34.el7.noarch
perl-Pod-Perldoc-3.20-4.el7.noarch
python-rpm-macros-3-34.el7.noarch
libselinux-2.5-15.el7.x86_64
cpio-2.11-28_ol003.el7.x86_64
nss-tools-3.90.0-2.el7_9.x86_64
cyrus-sasl-lib-2.1.26-24_ol001.el7.x86_64
xz-libs-5.2.2-2.el7_9.x86_64
findutils-4.5.11-6.el7.x86_64
ncurses-base-5.9-14.20130511_ol001.el7_4.noarch
sqlite-3.7.17-8_ol004.el7.1.x86_64
gnupg2-2.0.22-5.el7_5.x86_64
libgomp-4.8.5-44_ol001.el7.x86_64
systemd-219-78_ol004.el7.9.x86_64
ca-certificates-2023.2.60_v7.0.306-72.el7_9.noarch
patch-2.7.1-12.el7_7.x86_64
qrencode-libs-3.4.1-3.el7.x86_64
perl-libs-5.16.3-299_ol004.el7.x86_64
libdb-5.3.21-25.el7.x86_64
pam-1.1.8-23.el7.x86_64
perl-macros-5.16.3-299_ol004.el7.x86_64
libssh2-1.8.0-4_ol003.el7_9.1.x86_64
kernel-headers-3.10.0-1160.119.1_ol008.el7.x86_64
perl-Time-Local-1.2300-2.el7.noarch
libpwquality-1.2.3-5.el7.x86_64
file-5.11-37.el7.x86_64
rpm-4.11.3-48_ol003.el7.x86_64
gcc-4.8.5-44_ol001.el7.x86_64
unzip-6.0-24.el7_9.x86_64
nss-3.90.0-2.el7_9.x86_64
perl-Pod-Simple-3.28-4.el7.noarch
nss-pem-1.0.3-7.el7_9.1.x86_64
curl-7.29.0-59.el7_9.2.x86_64
centos-release-7-9.2009.2.el7.centos.x86_64
systemd-libs-219-78_ol004.el7.9.x86_64
perl-Carp-1.26-244.el7.noarch
libcom_err-1.42.9-19.el7.x86_64
glibc-devel-2.17-326_ol010.el7_9.3.x86_64
lua-5.1.4-15.el7.x86_64
filesystem-3.2-25.el7.x86_64
glibc-2.17-326_ol010.el7_9.3.x86_64
cracklib-2.9.0-11.el7.x86_64
procps-ng-3.3.10-28.el7.x86_64
xz-5.2.2-2.el7_9.x86_64
libverto-0.2.5-4.el7.x86_64
libgcc-4.8.5-44_ol001.el7.x86_64
p11-kit-trust-0.23.5-3.el7.x86_64
expat-2.1.0-15_ol009.el7.x86_64
libcap-ng-0.7.5-4.el7.x86_64
perl-threads-1.87-4.el7.x86_64
libuuid-2.23.2-65.el7_9.1.x86_64
nss-softokn-3.90.0-6.el7_9.x86_64
perl-Storable-2.45-3.el7.x86_64
openldap-2.4.44-25_ol005.el7_9.x86_64
openssl-libs-1.0.2k-26_ol002.el7_9.x86_64
python-srpm-macros-3-34.el7.noarch
elfutils-libelf-0.176-5.el7.x86_64
dwz-0.11-3.el7.x86_64
rpm-build-4.11.3-48_ol003.el7.x86_64
glibc-headers-2.17-326_ol010.el7_9.3.x86_64
perl-podlators-2.5.1-3.el7.noarch
zip-3.0-11.el7.x86_64
rpm-build-libs-4.11.3-48_ol003.el7.x86_64
libgpg-error-1.12-3.el7.x86_64
chkconfig-1.7.6-1.el7.x86_64
libcap-2.22-11.el7.x86_64
groff-base-1.22.2-8.el7.x86_64
gzip-1.5-11.el7_9.x86_64
ncurses-5.9-14.20130511_ol001.el7_4.x86_64
sed-4.2.2-7.el7.x86_64
perl-Thread-Queue-3.02-2.el7.noarch
glibc-common-2.17-326_ol010.el7_9.3.x86_64
rpm-libs-4.11.3-48_ol003.el7.x86_64
diffutils-3.3-6.el7_9.x86_64
libacl-2.2.51-15.el7.x86_64
lz4-1.8.3-1.el7.x86_64
nss-util-3.90.0-1.el7_9.x86_64
libattr-2.4.46-13.el7.x86_64
lua-srpm-macros-1-13.el7.noarch
setup-2.8.71-11.el7.noarch
libxml2-2.9.1-6_ol018.el7.6.x86_64
gdbm-1.10-8.el7.x86_64
elfutils-default-yama-scope-0.176-5.el7.noarch
krb5-libs-1.15.1-55_ol004.el7_9.x86_64
perl-srpm-macros-1-8.el7.noarch
libstdc++-devel-4.8.5-44_ol001.el7.x86_64
perl-Pod-Usage-1.63-3.el7.noarch
make-3.82-24.el7.x86_64
json-c-0.11-4.el7_0.x86_64
bash-4.2.46-35_ol002.el7.x86_64
perl-parent-0.225-244.el7.noarch
shadow-utils-4.6-5.el7.x86_64
perl-Exporter-5.68-3.el7.noarch
p11-kit-0.23.5-3.el7.x86_64
dbus-libs-1.10.24-15.el7.x86_64
pcre-8.32-17_ol002.el7.x86_64
redhat-rpm-config-9.1.0-88.el7.centos.noarch
dracut-033-572.el7.x86_64
gpg-pubkey-352c64e5-52ae6884
epel-rpm-macros-7-38.noarch
DEBUG util.py:623:  child environment: None
DEBUG util.py:536:  Using nspawn with args ['--capability=cap_ipc_lock', '--bind=/var/lib/pesign', '--bind=/var/run/pesign', '--bind=/tmp/mock-resolv.z8wm0nwo:/etc/resolv.conf', '--bind=/dev/loop-control', '--bind=/dev/loop0', '--bind=/dev/loop1', '--bind=/dev/loop2', '--bind=/dev/loop3', '--bind=/dev/loop4', '--bind=/dev/loop5', '--bind=/dev/loop6', '--bind=/dev/loop7', '--bind=/dev/loop8', '--bind=/dev/loop9', '--bind=/dev/loop10', '--bind=/dev/loop11']
DEBUG util.py:541:  Executing command: ['/usr/bin/systemd-nspawn', '-q', '-M', 'ec9fda05d07146cb8ae4317b2fbc6985', '-D', '/var/lib/mock/centos+epel-7-x86_64/root', '-a', '-u', 'mockbuild', '--capability=cap_ipc_lock', '--bind=/var/lib/pesign', '--bind=/var/run/pesign', '--bind=/tmp/mock-resolv.z8wm0nwo:/etc/resolv.conf', '--bind=/dev/loop-control', '--bind=/dev/loop0', '--bind=/dev/loop1', '--bind=/dev/loop2', '--bind=/dev/loop3', '--bind=/dev/loop4', '--bind=/dev/loop5', '--bind=/dev/loop6', '--bind=/dev/loop7', '--bind=/dev/loop8', '--bind=/dev/loop9', '--bind=/dev/loop10', '--bind=/dev/loop11', '--setenv=TERM=vt100', '--setenv=SHELL=/bin/bash', '--setenv=HOME=/builddir', '--setenv=HOSTNAME=mock', '--setenv=PATH=/usr/bin:/bin:/usr/sbin:/sbin', '--setenv=PROMPT_COMMAND=printf "\\033]0;<mock-chroot>\\007"', '--setenv=PS1=<mock-chroot> \\s-\\v\\$ ', '--setenv=LANG=C.UTF-8', '--resolv-conf=off', '/bin/rpm', '-Uvh', '--nodeps', '/builddir/build/originals/shim-16.1-1_ol001.el7.src.rpm'] with env {'TERM': 'vt100', 'SHELL': '/bin/bash', 'HOME': '/builddir', 'HOSTNAME': 'mock', 'PATH': '/usr/bin:/bin:/usr/sbin:/sbin', 'PROMPT_COMMAND': 'printf "\\033]0;<mock-chroot>\\007"', 'PS1': '<mock-chroot> \\s-\\v\\$ ', 'LANG': 'C.UTF-8', 'SYSTEMD_NSPAWN_TMPFS_TMP': '0', 'SYSTEMD_SECCOMP': '0'} and shell False
DEBUG util.py:446:  Updating / installing...
DEBUG util.py:446:  shim-16.1-1_ol001.el7                 ########################################
DEBUG util.py:597:  Child return code was: 0
DEBUG util.py:623:  child environment: None
DEBUG util.py:536:  Using nspawn with args ['--capability=cap_ipc_lock', '--bind=/var/lib/pesign', '--bind=/var/run/pesign', '--bind=/tmp/mock-resolv.z8wm0nwo:/etc/resolv.conf', '--bind=/dev/loop-control', '--bind=/dev/loop0', '--bind=/dev/loop1', '--bind=/dev/loop2', '--bind=/dev/loop3', '--bind=/dev/loop4', '--bind=/dev/loop5', '--bind=/dev/loop6', '--bind=/dev/loop7', '--bind=/dev/loop8', '--bind=/dev/loop9', '--bind=/dev/loop10', '--bind=/dev/loop11']
DEBUG util.py:541:  Executing command: ['/usr/bin/systemd-nspawn', '-q', '-M', '1a286d48b3e64d36ace8ecdcc59c446e', '-D', '/var/lib/mock/centos+epel-7-x86_64/root', '-a', '-u', 'mockbuild', '--capability=cap_ipc_lock', '--bind=/var/lib/pesign', '--bind=/var/run/pesign', '--bind=/tmp/mock-resolv.z8wm0nwo:/etc/resolv.conf', '--bind=/dev/loop-control', '--bind=/dev/loop0', '--bind=/dev/loop1', '--bind=/dev/loop2', '--bind=/dev/loop3', '--bind=/dev/loop4', '--bind=/dev/loop5', '--bind=/dev/loop6', '--bind=/dev/loop7', '--bind=/dev/loop8', '--bind=/dev/loop9', '--bind=/dev/loop10', '--bind=/dev/loop11', '--setenv=TERM=vt100', '--setenv=SHELL=/bin/bash', '--setenv=HOME=/builddir', '--setenv=HOSTNAME=mock', '--setenv=PATH=/usr/bin:/bin:/usr/sbin:/sbin', '--setenv=PROMPT_COMMAND=printf "\\033]0;<mock-chroot>\\007"', '--setenv=PS1=<mock-chroot> \\s-\\v\\$ ', '--setenv=LANG=C.UTF-8', '--resolv-conf=off', '/bin/rpm', '-qpl', '/builddir/build/originals/shim-16.1-1_ol001.el7.src.rpm'] with env {'TERM': 'vt100', 'SHELL': '/bin/bash', 'HOME': '/builddir', 'HOSTNAME': 'mock', 'PATH': '/usr/bin:/bin:/usr/sbin:/sbin', 'PROMPT_COMMAND': 'printf "\\033]0;<mock-chroot>\\007"', 'PS1': '<mock-chroot> \\s-\\v\\$ ', 'LANG': 'C.UTF-8', 'SYSTEMD_NSPAWN_TMPFS_TMP': '0', 'SYSTEMD_SECCOMP': '0'} and shell False
DEBUG util.py:446:  0100-OpenLogic-el7.patch
DEBUG util.py:446:  openlogic-and-centos-db.esl
DEBUG util.py:446:  openlogic_dbx.esl
DEBUG util.py:446:  sbat.openlogic.csv
DEBUG util.py:446:  shim-16.1.tar.bz2
DEBUG util.py:446:  shim-find-debuginfo.sh
DEBUG util.py:446:  shim.spec
DEBUG util.py:597:  Child return code was: 0
DEBUG util.py:623:  child environment: None
DEBUG file_util.py:17:  ensuring that dir exists: /var/lib/mock/centos+epel-7-x86_64/root/proc
DEBUG util.py:623:  child environment: None
DEBUG util.py:541:  Executing command: ['/bin/mount', '-n', '-t', 'tmpfs', '-o', 'rprivate', 'tmpfs', '/var/lib/mock/centos+epel-7-x86_64/root/proc'] with env {'TERM': 'vt100', 'SHELL': '/bin/sh', 'HOME': '/builddir', 'HOSTNAME': 'mock', 'PATH': '/usr/bin:/bin:/usr/sbin:/sbin', 'LANG': 'C.UTF-8'} and shell False
DEBUG util.py:597:  Child return code was: 0
DEBUG file_util.py:17:  ensuring that dir exists: /var/lib/mock/centos+epel-7-x86_64/root/proc
DEBUG util.py:623:  child environment: None
DEBUG util.py:541:  Executing command: ['/bin/mount', '-n', '-o', 'rbind', '/proc', '/var/lib/mock/centos+epel-7-x86_64/root/proc'] with env {'TERM': 'vt100', 'SHELL': '/bin/sh', 'HOME': '/builddir', 'HOSTNAME': 'mock', 'PATH': '/usr/bin:/bin:/usr/sbin:/sbin', 'LANG': 'C.UTF-8'} and shell False
DEBUG util.py:597:  Child return code was: 0
DEBUG util.py:623:  child environment: None
DEBUG util.py:541:  Executing command: ['/bin/mount', '-n', '-o', 'remount,nodev,noexec,nosuid,readonly,rprivate,rbind', '--target', '/var/lib/mock/centos+epel-7-x86_64/root/proc'] with env {'TERM': 'vt100', 'SHELL': '/bin/sh', 'HOME': '/builddir', 'HOSTNAME': 'mock', 'PATH': '/usr/bin:/bin:/usr/sbin:/sbin', 'LANG': 'C.UTF-8'} and shell False
DEBUG util.py:597:  Child return code was: 0
DEBUG file_util.py:17:  ensuring that dir exists: /var/lib/mock/centos+epel-7-x86_64/root/sys
DEBUG util.py:623:  child environment: None
DEBUG util.py:541:  Executing command: ['/bin/mount', '-n', '-t', 'tmpfs', '-o', 'rprivate', 'tmpfs', '/var/lib/mock/centos+epel-7-x86_64/root/sys'] with env {'TERM': 'vt100', 'SHELL': '/bin/sh', 'HOME': '/builddir', 'HOSTNAME': 'mock', 'PATH': '/usr/bin:/bin:/usr/sbin:/sbin', 'LANG': 'C.UTF-8'} and shell False
DEBUG util.py:597:  Child return code was: 0
DEBUG file_util.py:17:  ensuring that dir exists: /var/lib/mock/centos+epel-7-x86_64/root/sys
DEBUG util.py:623:  child environment: None
DEBUG util.py:541:  Executing command: ['/bin/mount', '-n', '-o', 'rbind', '/sys', '/var/lib/mock/centos+epel-7-x86_64/root/sys'] with env {'TERM': 'vt100', 'SHELL': '/bin/sh', 'HOME': '/builddir', 'HOSTNAME': 'mock', 'PATH': '/usr/bin:/bin:/usr/sbin:/sbin', 'LANG': 'C.UTF-8'} and shell False
DEBUG util.py:597:  Child return code was: 0
DEBUG util.py:623:  child environment: None
DEBUG util.py:541:  Executing command: ['/bin/mount', '-n', '-o', 'remount,nodev,noexec,nosuid,readonly,rprivate,rbind', '--target', '/var/lib/mock/centos+epel-7-x86_64/root/sys'] with env {'TERM': 'vt100', 'SHELL': '/bin/sh', 'HOME': '/builddir', 'HOSTNAME': 'mock', 'PATH': '/usr/bin:/bin:/usr/sbin:/sbin', 'LANG': 'C.UTF-8'} and shell False
DEBUG util.py:597:  Child return code was: 0
DEBUG file_util.py:17:  ensuring that dir exists: /var/lib/mock/centos+epel-7-x86_64/root/dev/shm
DEBUG util.py:623:  child environment: None
DEBUG util.py:541:  Executing command: ['/bin/mount', '-n', '-t', 'tmpfs', 'tmpfs', '/var/lib/mock/centos+epel-7-x86_64/root/dev/shm'] with env {'TERM': 'vt100', 'SHELL': '/bin/sh', 'HOME': '/builddir', 'HOSTNAME': 'mock', 'PATH': '/usr/bin:/bin:/usr/sbin:/sbin', 'LANG': 'C.UTF-8'} and shell False
DEBUG util.py:597:  Child return code was: 0
DEBUG file_util.py:17:  ensuring that dir exists: /var/lib/mock/centos+epel-7-x86_64/root/dev/pts
DEBUG util.py:623:  child environment: None
DEBUG util.py:541:  Executing command: ['/bin/mount', '-n', '-t', 'devpts', '-o', 'gid=5,mode=0620,ptmxmode=0666,newinstance', 'devpts', '/var/lib/mock/centos+epel-7-x86_64/root/dev/pts'] with env {'TERM': 'vt100', 'SHELL': '/bin/sh', 'HOME': '/builddir', 'HOSTNAME': 'mock', 'PATH': '/usr/bin:/bin:/usr/sbin:/sbin', 'LANG': 'C.UTF-8'} and shell False
DEBUG util.py:597:  Child return code was: 0
DEBUG file_util.py:17:  ensuring that dir exists: /var/lib/mock/centos+epel-7-x86_64/root/sys/fs/selinux
DEBUG util.py:623:  child environment: None
DEBUG util.py:541:  Executing command: ['/bin/mount', '-n', '-t', 'tmpfs', 'tmpfs', '/var/lib/mock/centos+epel-7-x86_64/root/sys/fs/selinux'] with env {'TERM': 'vt100', 'SHELL': '/bin/sh', 'HOME': '/builddir', 'HOSTNAME': 'mock', 'PATH': '/usr/bin:/bin:/usr/sbin:/sbin', 'LANG': 'C.UTF-8'} and shell False
DEBUG util.py:597:  Child return code was: 0
DEBUG file_util.py:17:  ensuring that dir exists: /var/lib/mock/centos+epel-7-x86_64/root/installation-homedir
DEBUG package_manager.py:197:  ['/usr/bin/yum-builddep', '--installroot', '/var/lib/mock/centos+epel-7-x86_64/root/', '--releasever', '7', '/var/lib/mock/centos+epel-7-x86_64/root//builddir/build/SRPMS/shim-16.1-1_ol001.el7.src.rpm']
DEBUG util.py:623:  child environment: None
DEBUG util.py:536:  Using nspawn with args ['--capability=cap_ipc_lock', '--bind=/var/lib/pesign', '--bind=/var/run/pesign', '--bind=/tmp/mock-resolv.g9ffrkfo:/etc/resolv.conf']
DEBUG util.py:541:  Executing command: ['/usr/bin/systemd-nspawn', '-q', '-M', 'cb093199c8614a2baaf03d66cc1b009b', '-D', '/var/lib/mock/centos+epel-7-x86_64-bootstrap/root', '-a', '--capability=cap_ipc_lock', '--bind=/var/lib/pesign', '--bind=/var/run/pesign', '--bind=/tmp/mock-resolv.g9ffrkfo:/etc/resolv.conf', '--setenv=TERM=vt100', '--setenv=SHELL=/bin/bash', '--setenv=HOME=/var/lib/mock/centos+epel-7-x86_64/root/installation-homedir', '--setenv=HOSTNAME=mock', '--setenv=PATH=/usr/bin:/bin:/usr/sbin:/sbin', '--setenv=PROMPT_COMMAND=printf "\\033]0;<mock-chroot>\\007"', '--setenv=PS1=<mock-chroot> \\s-\\v\\$ ', '--setenv=LANG=C.UTF-8', '--setenv=LC_MESSAGES=C.UTF-8', '--resolv-conf=off', '/usr/bin/yum-builddep', '--installroot', '/var/lib/mock/centos+epel-7-x86_64/root/', '--releasever', '7', '/var/lib/mock/centos+epel-7-x86_64/root//builddir/build/SRPMS/shim-16.1-1_ol001.el7.src.rpm', '--setopt=tsflags=nocontexts'] with env {'TERM': 'vt100', 'SHELL': '/bin/bash', 'HOME': '/var/lib/mock/centos+epel-7-x86_64/root/installation-homedir', 'HOSTNAME': 'mock', 'PATH': '/usr/bin:/bin:/usr/sbin:/sbin', 'PROMPT_COMMAND': 'printf "\\033]0;<mock-chroot>\\007"', 'PS1': '<mock-chroot> \\s-\\v\\$ ', 'LANG': 'C.UTF-8', 'LC_MESSAGES': 'C.UTF-8', 'SYSTEMD_NSPAWN_TMPFS_TMP': '0', 'SYSTEMD_SECCOMP': '0'} and shell False
DEBUG util.py:444:  Failed to set locale, defaulting to C
DEBUG util.py:446:  Getting requirements for shim-16.1-1_ol001.el7.src
DEBUG util.py:446:   --> git-1.8.3.1-25.el7_9.x86_64
DEBUG util.py:446:   --> 1:openssl-devel-1.0.2k-26_ol002.el7_9.x86_64
DEBUG util.py:446:   --> 1:openssl-1.0.2k-26_ol002.el7_9.x86_64
DEBUG util.py:446:   --> 1:gnu-efi-3.0.8-2.el7.x86_64
DEBUG util.py:446:   --> 1:gnu-efi-devel-3.0.8-2.el7.x86_64
DEBUG util.py:446:   --> dos2unix-6.0.3-7.el7.x86_64
DEBUG util.py:446:   --> pesign-113-21_ol001.el7.x86_64
DEBUG util.py:446:   --> 2:vim-common-7.4.629-8_ol023.el7.x86_64
DEBUG util.py:446:  --> Running transaction check
DEBUG util.py:446:  ---> Package dos2unix.x86_64 0:6.0.3-7.el7 will be installed
DEBUG util.py:446:  ---> Package git.x86_64 0:1.8.3.1-25.el7_9 will be installed
DEBUG util.py:446:  --> Processing Dependency: perl-Git = 1.8.3.1-25.el7_9 for package: git-1.8.3.1-25.el7_9.x86_64
DEBUG util.py:446:  --> Processing Dependency: rsync for package: git-1.8.3.1-25.el7_9.x86_64
DEBUG util.py:446:  --> Processing Dependency: perl(Term::ReadKey) for package: git-1.8.3.1-25.el7_9.x86_64
DEBUG util.py:446:  --> Processing Dependency: perl(Git) for package: git-1.8.3.1-25.el7_9.x86_64
DEBUG util.py:446:  --> Processing Dependency: perl(Error) for package: git-1.8.3.1-25.el7_9.x86_64
DEBUG util.py:446:  --> Processing Dependency: openssh-clients for package: git-1.8.3.1-25.el7_9.x86_64
DEBUG util.py:446:  --> Processing Dependency: less for package: git-1.8.3.1-25.el7_9.x86_64
DEBUG util.py:446:  --> Processing Dependency: /usr/bin/python for package: git-1.8.3.1-25.el7_9.x86_64
DEBUG util.py:446:  ---> Package gnu-efi.x86_64 1:3.0.8-2.el7 will be installed
DEBUG util.py:446:  ---> Package gnu-efi-devel.x86_64 1:3.0.8-2.el7 will be installed
DEBUG util.py:446:  ---> Package openssl.x86_64 1:1.0.2k-26_ol002.el7_9 will be installed
DEBUG util.py:446:  ---> Package openssl-devel.x86_64 1:1.0.2k-26_ol002.el7_9 will be installed
DEBUG util.py:446:  --> Processing Dependency: krb5-devel(x86-64) for package: 1:openssl-devel-1.0.2k-26_ol002.el7_9.x86_64
DEBUG util.py:446:  --> Processing Dependency: zlib-devel(x86-64) for package: 1:openssl-devel-1.0.2k-26_ol002.el7_9.x86_64
DEBUG util.py:446:  ---> Package pesign.x86_64 0:113-21_ol001.el7 will be installed
DEBUG util.py:446:  --> Processing Dependency: python(abi) = 3.6 for package: pesign-113-21_ol001.el7.x86_64
DEBUG util.py:446:  --> Processing Dependency: /usr/bin/python3 for package: pesign-113-21_ol001.el7.x86_64
DEBUG util.py:446:  --> Processing Dependency: libefivar.so.1(LIBEFIVAR_0.24)(64bit) for package: pesign-113-21_ol001.el7.x86_64
DEBUG util.py:446:  --> Processing Dependency: libefivar.so.1(libefivar.so.0)(64bit) for package: pesign-113-21_ol001.el7.x86_64
DEBUG util.py:446:  --> Processing Dependency: libefivar.so.1()(64bit) for package: pesign-113-21_ol001.el7.x86_64
DEBUG util.py:446:  ---> Package vim-common.x86_64 2:7.4.629-8_ol023.el7 will be installed
DEBUG util.py:446:  --> Processing Dependency: vim-filesystem for package: 2:vim-common-7.4.629-8_ol023.el7.x86_64
DEBUG util.py:446:  --> Running transaction check
DEBUG util.py:446:  ---> Package efivar-libs.x86_64 0:36-12.el7 will be installed
DEBUG util.py:446:  ---> Package krb5-devel.x86_64 0:1.15.1-55_ol004.el7_9 will be installed
DEBUG util.py:446:  --> Processing Dependency: libkadm5(x86-64) = 1.15.1-55_ol004.el7_9 for package: krb5-devel-1.15.1-55_ol004.el7_9.x86_64
DEBUG util.py:446:  --> Processing Dependency: keyutils-libs-devel for package: krb5-devel-1.15.1-55_ol004.el7_9.x86_64
DEBUG util.py:446:  --> Processing Dependency: libcom_err-devel for package: krb5-devel-1.15.1-55_ol004.el7_9.x86_64
DEBUG util.py:446:  --> Processing Dependency: libselinux-devel for package: krb5-devel-1.15.1-55_ol004.el7_9.x86_64
DEBUG util.py:446:  --> Processing Dependency: libverto-devel for package: krb5-devel-1.15.1-55_ol004.el7_9.x86_64
DEBUG util.py:446:  ---> Package less.x86_64 0:458-10.el7_9 will be installed
DEBUG util.py:446:  ---> Package openssh-clients.x86_64 0:7.4p1-23_ol009.el7 will be installed
DEBUG util.py:446:  --> Processing Dependency: openssh = 7.4p1-23_ol009.el7 for package: openssh-clients-7.4p1-23_ol009.el7.x86_64
DEBUG util.py:446:  --> Processing Dependency: fipscheck-lib(x86-64) >= 1.3.0 for package: openssh-clients-7.4p1-23_ol009.el7.x86_64
DEBUG util.py:446:  --> Processing Dependency: libedit.so.0()(64bit) for package: openssh-clients-7.4p1-23_ol009.el7.x86_64
DEBUG util.py:446:  --> Processing Dependency: libfipscheck.so.1()(64bit) for package: openssh-clients-7.4p1-23_ol009.el7.x86_64
DEBUG util.py:446:  ---> Package perl-Error.noarch 1:0.17020-2.el7 will be installed
DEBUG util.py:446:  ---> Package perl-Git.noarch 0:1.8.3.1-25.el7_9 will be installed
DEBUG util.py:446:  ---> Package perl-TermReadKey.x86_64 0:2.30-20.el7 will be installed
DEBUG util.py:446:  ---> Package python.x86_64 0:2.7.5-94_ol015.el7 will be installed
DEBUG util.py:446:  ---> Package python3.x86_64 0:3.6.8-21_ol012.el7_9 will be installed
DEBUG util.py:446:  --> Processing Dependency: python3-libs(x86-64) = 3.6.8-21_ol012.el7_9 for package: python3-3.6.8-21_ol012.el7_9.x86_64
DEBUG util.py:446:  --> Processing Dependency: python3-pip for package: python3-3.6.8-21_ol012.el7_9.x86_64
DEBUG util.py:446:  --> Processing Dependency: python3-setuptools for package: python3-3.6.8-21_ol012.el7_9.x86_64
DEBUG util.py:446:  --> Processing Dependency: libpython3.6m.so.1.0()(64bit) for package: python3-3.6.8-21_ol012.el7_9.x86_64
DEBUG util.py:446:  ---> Package rsync.x86_64 0:3.1.2-12_ol001.el7_9 will be installed
DEBUG util.py:446:  ---> Package vim-filesystem.x86_64 2:7.4.629-8_ol023.el7 will be installed
DEBUG util.py:446:  ---> Package zlib-devel.x86_64 0:1.2.7-21_ol002.el7_9 will be installed
DEBUG util.py:446:  --> Running transaction check
DEBUG util.py:446:  ---> Package fipscheck-lib.x86_64 0:1.4.1-6.el7 will be installed
DEBUG util.py:446:  --> Processing Dependency: /usr/bin/fipscheck for package: fipscheck-lib-1.4.1-6.el7.x86_64
DEBUG util.py:446:  ---> Package keyutils-libs-devel.x86_64 0:1.5.8-3.el7 will be installed
DEBUG util.py:446:  ---> Package libcom_err-devel.x86_64 0:1.42.9-19.el7 will be installed
DEBUG util.py:446:  ---> Package libedit.x86_64 0:3.0-12.20121213cvs.el7 will be installed
DEBUG util.py:446:  ---> Package libkadm5.x86_64 0:1.15.1-55_ol004.el7_9 will be installed
DEBUG util.py:446:  ---> Package libselinux-devel.x86_64 0:2.5-15.el7 will be installed
DEBUG util.py:446:  --> Processing Dependency: libsepol-devel(x86-64) >= 2.5-10 for package: libselinux-devel-2.5-15.el7.x86_64
DEBUG util.py:446:  --> Processing Dependency: pkgconfig(libsepol) for package: libselinux-devel-2.5-15.el7.x86_64
DEBUG util.py:446:  --> Processing Dependency: pkgconfig(libpcre) for package: libselinux-devel-2.5-15.el7.x86_64
DEBUG util.py:446:  ---> Package libverto-devel.x86_64 0:0.2.5-4.el7 will be installed
DEBUG util.py:446:  ---> Package openssh.x86_64 0:7.4p1-23_ol009.el7 will be installed
DEBUG util.py:446:  ---> Package python3-libs.x86_64 0:3.6.8-21_ol012.el7_9 will be installed
DEBUG util.py:446:  --> Processing Dependency: libtirpc.so.1()(64bit) for package: python3-libs-3.6.8-21_ol012.el7_9.x86_64
DEBUG util.py:446:  ---> Package python3-pip.noarch 0:9.0.3-8.el7 will be installed
DEBUG util.py:446:  ---> Package python3-setuptools.noarch 0:39.2.0-10_ol002.el7 will be installed
DEBUG util.py:446:  --> Running transaction check
DEBUG util.py:446:  ---> Package fipscheck.x86_64 0:1.4.1-6.el7 will be installed
DEBUG util.py:446:  ---> Package libsepol-devel.x86_64 0:2.5-10.el7 will be installed
DEBUG util.py:446:  ---> Package libtirpc.x86_64 0:0.2.4-0.16_ol001.el7 will be installed
DEBUG util.py:446:  ---> Package pcre-devel.x86_64 0:8.32-17_ol002.el7 will be installed
DEBUG util.py:446:  --> Finished Dependency Resolution
DEBUG util.py:446:  Dependencies Resolved
DEBUG util.py:446:  ================================================================================
DEBUG util.py:446:   Package        Arch   Version                Repository                   Size
DEBUG util.py:446:  ================================================================================
DEBUG util.py:446:  Installing:
DEBUG util.py:446:   dos2unix       x86_64 6.0.3-7.el7            base                         74 k
DEBUG util.py:446:   git            x86_64 1.8.3.1-25.el7_9       updates                     4.4 M
DEBUG util.py:446:   gnu-efi        x86_64 1:3.0.8-2.el7          base                         66 k
DEBUG util.py:446:   gnu-efi-devel  x86_64 1:3.0.8-2.el7          base                        109 k
DEBUG util.py:446:   openssl        x86_64 1:1.0.2k-26_ol002.el7_9
DEBUG util.py:446:                                                OpenLogic-internal-CentOS-7 495 k
DEBUG util.py:446:   openssl-devel  x86_64 1:1.0.2k-26_ol002.el7_9
DEBUG util.py:446:                                                OpenLogic-internal-CentOS-7 1.5 M
DEBUG util.py:446:   pesign         x86_64 113-21_ol001.el7       OpenLogic-internal-CentOS-7 168 k
DEBUG util.py:446:   vim-common     x86_64 2:7.4.629-8_ol023.el7  OpenLogic-internal-CentOS-7 5.9 M
DEBUG util.py:446:  Installing for dependencies:
DEBUG util.py:446:   efivar-libs    x86_64 36-12.el7              base                         88 k
DEBUG util.py:446:   fipscheck      x86_64 1.4.1-6.el7            base                         21 k
DEBUG util.py:446:   fipscheck-lib  x86_64 1.4.1-6.el7            base                         11 k
DEBUG util.py:446:   keyutils-libs-devel
DEBUG util.py:446:                  x86_64 1.5.8-3.el7            base                         37 k
DEBUG util.py:446:   krb5-devel     x86_64 1.15.1-55_ol004.el7_9  OpenLogic-internal-CentOS-7 274 k
DEBUG util.py:446:   less           x86_64 458-10.el7_9           updates                     120 k
DEBUG util.py:446:   libcom_err-devel
DEBUG util.py:446:                  x86_64 1.42.9-19.el7          base                         32 k
DEBUG util.py:446:   libedit        x86_64 3.0-12.20121213cvs.el7 base                         92 k
DEBUG util.py:446:   libkadm5       x86_64 1.15.1-55_ol004.el7_9  OpenLogic-internal-CentOS-7 180 k
DEBUG util.py:446:   libselinux-devel
DEBUG util.py:446:                  x86_64 2.5-15.el7             base                        187 k
DEBUG util.py:446:   libsepol-devel x86_64 2.5-10.el7             base                         77 k
DEBUG util.py:446:   libtirpc       x86_64 0.2.4-0.16_ol001.el7   OpenLogic-internal-CentOS-7  89 k
DEBUG util.py:446:   libverto-devel x86_64 0.2.5-4.el7            base                         12 k
DEBUG util.py:446:   openssh        x86_64 7.4p1-23_ol009.el7     OpenLogic-internal-CentOS-7 488 k
DEBUG util.py:446:   openssh-clients
DEBUG util.py:446:                  x86_64 7.4p1-23_ol009.el7     OpenLogic-internal-CentOS-7 660 k
DEBUG util.py:446:   pcre-devel     x86_64 8.32-17_ol002.el7      OpenLogic-internal-CentOS-7 480 k
DEBUG util.py:446:   perl-Error     noarch 1:0.17020-2.el7        base                         32 k
DEBUG util.py:446:   perl-Git       noarch 1.8.3.1-25.el7_9       updates                      56 k
DEBUG util.py:446:   perl-TermReadKey
DEBUG util.py:446:                  x86_64 2.30-20.el7            base                         31 k
DEBUG util.py:446:   python         x86_64 2.7.5-94_ol015.el7     OpenLogic-internal-CentOS-7 100 k
DEBUG util.py:446:   python3        x86_64 3.6.8-21_ol012.el7_9   OpenLogic-internal-CentOS-7  73 k
DEBUG util.py:446:   python3-libs   x86_64 3.6.8-21_ol012.el7_9   OpenLogic-internal-CentOS-7 7.0 M
DEBUG util.py:446:   python3-pip    noarch 9.0.3-8.el7            base                        1.6 M
DEBUG util.py:446:   python3-setuptools
DEBUG util.py:446:                  noarch 39.2.0-10_ol002.el7    OpenLogic-internal-CentOS-7 629 k
DEBUG util.py:446:   rsync          x86_64 3.1.2-12_ol001.el7_9   OpenLogic-internal-CentOS-7 408 k
DEBUG util.py:446:   vim-filesystem x86_64 2:7.4.629-8_ol023.el7  OpenLogic-internal-CentOS-7  17 k
DEBUG util.py:446:   zlib-devel     x86_64 1.2.7-21_ol002.el7_9   OpenLogic-internal-CentOS-7  50 k
DEBUG util.py:446:  Transaction Summary
DEBUG util.py:446:  ================================================================================
DEBUG util.py:446:  Install  8 Packages (+27 Dependent packages)
DEBUG util.py:446:  Total download size: 25 M
DEBUG util.py:446:  Installed size: 106 M
DEBUG util.py:446:  Downloading packages:
DEBUG util.py:446:  --------------------------------------------------------------------------------
DEBUG util.py:446:  Total                                               26 MB/s |  25 MB  00:00     
DEBUG util.py:446:  Running transaction check
DEBUG util.py:446:  Running transaction test
DEBUG util.py:446:  Transaction test succeeded
DEBUG util.py:446:  Running transaction
DEBUG util.py:446:    Installing : fipscheck-1.4.1-6.el7.x86_64                                1/35 
DEBUG util.py:446:    Installing : fipscheck-lib-1.4.1-6.el7.x86_64                            2/35 
DEBUG util.py:446:    Installing : 1:perl-Error-0.17020-2.el7.noarch                           3/35 
DEBUG util.py:446:    Installing : openssh-7.4p1-23_ol009.el7.x86_64                           4/35 
DEBUG util.py:446:  WARNING!  OpenSSH is vulnerable to CVE-2020-15778.
DEBUG util.py:446:  To mitigate, disable scp via: touch /etc/ssh/disable_scp
DEBUG util.py:446:    Installing : 1:gnu-efi-3.0.8-2.el7.x86_64                                5/35 
DEBUG util.py:446:    Installing : libcom_err-devel-1.42.9-19.el7.x86_64                       6/35 
DEBUG util.py:446:    Installing : efivar-libs-36-12.el7.x86_64                                7/35 
DEBUG util.py:446:    Installing : libedit-3.0-12.20121213cvs.el7.x86_64                       8/35 
DEBUG util.py:446:    Installing : openssh-clients-7.4p1-23_ol009.el7.x86_64                   9/35 
DEBUG util.py:446:    Installing : pcre-devel-8.32-17_ol002.el7.x86_64                        10/35 
DEBUG util.py:446:    Installing : 2:vim-filesystem-7.4.629-8_ol023.el7.x86_64                11/35 
DEBUG util.py:446:    Installing : libtirpc-0.2.4-0.16_ol001.el7.x86_64                       12/35 
DEBUG util.py:446:    Installing : python3-pip-9.0.3-8.el7.noarch                             13/35 
DEBUG util.py:446:    Installing : python3-setuptools-39.2.0-10_ol002.el7.noarch              14/35 
DEBUG util.py:446:    Installing : python3-libs-3.6.8-21_ol012.el7_9.x86_64                   15/35 
DEBUG util.py:446:    Installing : python3-3.6.8-21_ol012.el7_9.x86_64                        16/35 
DEBUG util.py:446:    Installing : rsync-3.1.2-12_ol001.el7_9.x86_64                          17/35 
DEBUG util.py:446:    Installing : libsepol-devel-2.5-10.el7.x86_64                           18/35 
DEBUG util.py:446:    Installing : libselinux-devel-2.5-15.el7.x86_64                         19/35 
DEBUG util.py:446:    Installing : less-458-10.el7_9.x86_64                                   20/35 
DEBUG util.py:446:    Installing : zlib-devel-1.2.7-21_ol002.el7_9.x86_64                     21/35 
DEBUG util.py:446:    Installing : python-2.7.5-94_ol015.el7.x86_64                           22/35 
DEBUG util.py:446:    Installing : perl-TermReadKey-2.30-20.el7.x86_64                        23/35 
DEBUG util.py:446:    Installing : perl-Git-1.8.3.1-25.el7_9.noarch                           24/35 
DEBUG util.py:446:    Installing : git-1.8.3.1-25.el7_9.x86_64                                25/35 
DEBUG util.py:446:    Installing : libverto-devel-0.2.5-4.el7.x86_64                          26/35 
DEBUG util.py:446:    Installing : keyutils-libs-devel-1.5.8-3.el7.x86_64                     27/35 
DEBUG util.py:446:    Installing : libkadm5-1.15.1-55_ol004.el7_9.x86_64                      28/35 
DEBUG util.py:446:    Installing : krb5-devel-1.15.1-55_ol004.el7_9.x86_64                    29/35 
DEBUG util.py:446:    Installing : 1:openssl-devel-1.0.2k-26_ol002.el7_9.x86_64               30/35 
DEBUG util.py:446:    Installing : pesign-113-21_ol001.el7.x86_64                             31/35 
DEBUG util.py:446:    Installing : 2:vim-common-7.4.629-8_ol023.el7.x86_64                    32/35 
DEBUG util.py:446:    Installing : 1:gnu-efi-devel-3.0.8-2.el7.x86_64                         33/35 
DEBUG util.py:446:    Installing : 1:openssl-1.0.2k-26_ol002.el7_9.x86_64                     34/35 
DEBUG util.py:446:    Installing : dos2unix-6.0.3-7.el7.x86_64                                35/35 
DEBUG util.py:446:    Verifying  : fipscheck-lib-1.4.1-6.el7.x86_64                            1/35 
DEBUG util.py:446:    Verifying  : libselinux-devel-2.5-15.el7.x86_64                          2/35 
DEBUG util.py:446:    Verifying  : libkadm5-1.15.1-55_ol004.el7_9.x86_64                       3/35 
DEBUG util.py:446:    Verifying  : dos2unix-6.0.3-7.el7.x86_64                                 4/35 
DEBUG util.py:446:    Verifying  : 2:vim-common-7.4.629-8_ol023.el7.x86_64                     5/35 
DEBUG util.py:446:    Verifying  : python3-3.6.8-21_ol012.el7_9.x86_64                         6/35 
DEBUG util.py:446:    Verifying  : python3-pip-9.0.3-8.el7.noarch                              7/35 
DEBUG util.py:446:    Verifying  : 1:gnu-efi-devel-3.0.8-2.el7.x86_64                          8/35 
DEBUG util.py:446:    Verifying  : fipscheck-1.4.1-6.el7.x86_64                                9/35 
DEBUG util.py:446:    Verifying  : pesign-113-21_ol001.el7.x86_64                             10/35 
DEBUG util.py:446:    Verifying  : keyutils-libs-devel-1.5.8-3.el7.x86_64                     11/35 
DEBUG util.py:446:    Verifying  : 1:openssl-devel-1.0.2k-26_ol002.el7_9.x86_64               12/35 
DEBUG util.py:446:    Verifying  : libverto-devel-0.2.5-4.el7.x86_64                          13/35 
DEBUG util.py:446:    Verifying  : perl-TermReadKey-2.30-20.el7.x86_64                        14/35 
DEBUG util.py:446:    Verifying  : python-2.7.5-94_ol015.el7.x86_64                           15/35 
DEBUG util.py:446:    Verifying  : git-1.8.3.1-25.el7_9.x86_64                                16/35 
DEBUG util.py:446:    Verifying  : python3-setuptools-39.2.0-10_ol002.el7.noarch              17/35 
DEBUG util.py:446:    Verifying  : zlib-devel-1.2.7-21_ol002.el7_9.x86_64                     18/35 
DEBUG util.py:446:    Verifying  : openssh-clients-7.4p1-23_ol009.el7.x86_64                  19/35 
DEBUG util.py:446:    Verifying  : openssh-7.4p1-23_ol009.el7.x86_64                          20/35 
DEBUG util.py:446:    Verifying  : python3-libs-3.6.8-21_ol012.el7_9.x86_64                   21/35 
DEBUG util.py:446:    Verifying  : 1:openssl-1.0.2k-26_ol002.el7_9.x86_64                     22/35 
DEBUG util.py:446:    Verifying  : less-458-10.el7_9.x86_64                                   23/35 
DEBUG util.py:446:    Verifying  : 1:perl-Error-0.17020-2.el7.noarch                          24/35 
DEBUG util.py:446:    Verifying  : perl-Git-1.8.3.1-25.el7_9.noarch                           25/35 
DEBUG util.py:446:    Verifying  : libsepol-devel-2.5-10.el7.x86_64                           26/35 
DEBUG util.py:446:    Verifying  : rsync-3.1.2-12_ol001.el7_9.x86_64                          27/35 
DEBUG util.py:446:    Verifying  : libtirpc-0.2.4-0.16_ol001.el7.x86_64                       28/35 
DEBUG util.py:446:    Verifying  : 2:vim-filesystem-7.4.629-8_ol023.el7.x86_64                29/35 
DEBUG util.py:446:    Verifying  : pcre-devel-8.32-17_ol002.el7.x86_64                        30/35 
DEBUG util.py:446:    Verifying  : libedit-3.0-12.20121213cvs.el7.x86_64                      31/35 
DEBUG util.py:446:    Verifying  : efivar-libs-36-12.el7.x86_64                               32/35 
DEBUG util.py:446:    Verifying  : krb5-devel-1.15.1-55_ol004.el7_9.x86_64                    33/35 
DEBUG util.py:446:    Verifying  : libcom_err-devel-1.42.9-19.el7.x86_64                      34/35 
DEBUG util.py:446:    Verifying  : 1:gnu-efi-3.0.8-2.el7.x86_64                               35/35 
DEBUG util.py:446:  Installed:
DEBUG util.py:446:    dos2unix.x86_64 0:6.0.3-7.el7                                                 
DEBUG util.py:446:    git.x86_64 0:1.8.3.1-25.el7_9                                                 
DEBUG util.py:446:    gnu-efi.x86_64 1:3.0.8-2.el7                                                  
DEBUG util.py:446:    gnu-efi-devel.x86_64 1:3.0.8-2.el7                                            
DEBUG util.py:446:    openssl.x86_64 1:1.0.2k-26_ol002.el7_9                                        
DEBUG util.py:446:    openssl-devel.x86_64 1:1.0.2k-26_ol002.el7_9                                  
DEBUG util.py:446:    pesign.x86_64 0:113-21_ol001.el7                                              
DEBUG util.py:446:    vim-common.x86_64 2:7.4.629-8_ol023.el7                                       
DEBUG util.py:446:  Dependency Installed:
DEBUG util.py:446:    efivar-libs.x86_64 0:36-12.el7                                                
DEBUG util.py:446:    fipscheck.x86_64 0:1.4.1-6.el7                                                
DEBUG util.py:446:    fipscheck-lib.x86_64 0:1.4.1-6.el7                                            
DEBUG util.py:446:    keyutils-libs-devel.x86_64 0:1.5.8-3.el7                                      
DEBUG util.py:446:    krb5-devel.x86_64 0:1.15.1-55_ol004.el7_9                                     
DEBUG util.py:446:    less.x86_64 0:458-10.el7_9                                                    
DEBUG util.py:446:    libcom_err-devel.x86_64 0:1.42.9-19.el7                                       
DEBUG util.py:446:    libedit.x86_64 0:3.0-12.20121213cvs.el7                                       
DEBUG util.py:446:    libkadm5.x86_64 0:1.15.1-55_ol004.el7_9                                       
DEBUG util.py:446:    libselinux-devel.x86_64 0:2.5-15.el7                                          
DEBUG util.py:446:    libsepol-devel.x86_64 0:2.5-10.el7                                            
DEBUG util.py:446:    libtirpc.x86_64 0:0.2.4-0.16_ol001.el7                                        
DEBUG util.py:446:    libverto-devel.x86_64 0:0.2.5-4.el7                                           
DEBUG util.py:446:    openssh.x86_64 0:7.4p1-23_ol009.el7                                           
DEBUG util.py:446:    openssh-clients.x86_64 0:7.4p1-23_ol009.el7                                   
DEBUG util.py:446:    pcre-devel.x86_64 0:8.32-17_ol002.el7                                         
DEBUG util.py:446:    perl-Error.noarch 1:0.17020-2.el7                                             
DEBUG util.py:446:    perl-Git.noarch 0:1.8.3.1-25.el7_9                                            
DEBUG util.py:446:    perl-TermReadKey.x86_64 0:2.30-20.el7                                         
DEBUG util.py:446:    python.x86_64 0:2.7.5-94_ol015.el7                                            
DEBUG util.py:446:    python3.x86_64 0:3.6.8-21_ol012.el7_9                                         
DEBUG util.py:446:    python3-libs.x86_64 0:3.6.8-21_ol012.el7_9                                    
DEBUG util.py:446:    python3-pip.noarch 0:9.0.3-8.el7                                              
DEBUG util.py:446:    python3-setuptools.noarch 0:39.2.0-10_ol002.el7                               
DEBUG util.py:446:    rsync.x86_64 0:3.1.2-12_ol001.el7_9                                           
DEBUG util.py:446:    vim-filesystem.x86_64 2:7.4.629-8_ol023.el7                                   
DEBUG util.py:446:    zlib-devel.x86_64 0:1.2.7-21_ol002.el7_9                                      
DEBUG util.py:446:  Complete!
DEBUG util.py:597:  Child return code was: 0
DEBUG util.py:623:  child environment: None
DEBUG util.py:541:  Executing command: ['/bin/umount', '-n', '-l', '/var/lib/mock/centos+epel-7-x86_64/root/sys/fs/selinux'] with env {'TERM': 'vt100', 'SHELL': '/bin/sh', 'HOME': '/builddir', 'HOSTNAME': 'mock', 'PATH': '/usr/bin:/bin:/usr/sbin:/sbin', 'LANG': 'C.UTF-8'} and shell False
DEBUG util.py:597:  Child return code was: 0
DEBUG util.py:623:  child environment: None
DEBUG util.py:541:  Executing command: ['/bin/umount', '-n', '-l', '/var/lib/mock/centos+epel-7-x86_64/root/dev/pts'] with env {'TERM': 'vt100', 'SHELL': '/bin/sh', 'HOME': '/builddir', 'HOSTNAME': 'mock', 'PATH': '/usr/bin:/bin:/usr/sbin:/sbin', 'LANG': 'C.UTF-8'} and shell False
DEBUG util.py:597:  Child return code was: 0
DEBUG util.py:623:  child environment: None
DEBUG util.py:541:  Executing command: ['/bin/umount', '-n', '-l', '/var/lib/mock/centos+epel-7-x86_64/root/dev/shm'] with env {'TERM': 'vt100', 'SHELL': '/bin/sh', 'HOME': '/builddir', 'HOSTNAME': 'mock', 'PATH': '/usr/bin:/bin:/usr/sbin:/sbin', 'LANG': 'C.UTF-8'} and shell False
DEBUG util.py:597:  Child return code was: 0
DEBUG util.py:623:  child environment: None
DEBUG util.py:541:  Executing command: ['/bin/umount', '-n', '-l', '/var/lib/mock/centos+epel-7-x86_64/root/sys'] with env {'TERM': 'vt100', 'SHELL': '/bin/sh', 'HOME': '/builddir', 'HOSTNAME': 'mock', 'PATH': '/usr/bin:/bin:/usr/sbin:/sbin', 'LANG': 'C.UTF-8'} and shell False
DEBUG util.py:597:  Child return code was: 0
DEBUG util.py:623:  child environment: None
DEBUG util.py:541:  Executing command: ['/bin/umount', '-n', '-l', '/var/lib/mock/centos+epel-7-x86_64/root/sys'] with env {'TERM': 'vt100', 'SHELL': '/bin/sh', 'HOME': '/builddir', 'HOSTNAME': 'mock', 'PATH': '/usr/bin:/bin:/usr/sbin:/sbin', 'LANG': 'C.UTF-8'} and shell False
DEBUG util.py:597:  Child return code was: 0
DEBUG util.py:623:  child environment: None
DEBUG util.py:541:  Executing command: ['/bin/umount', '-n', '-l', '/var/lib/mock/centos+epel-7-x86_64/root/proc'] with env {'TERM': 'vt100', 'SHELL': '/bin/sh', 'HOME': '/builddir', 'HOSTNAME': 'mock', 'PATH': '/usr/bin:/bin:/usr/sbin:/sbin', 'LANG': 'C.UTF-8'} and shell False
DEBUG util.py:597:  Child return code was: 0
DEBUG util.py:623:  child environment: None
DEBUG util.py:541:  Executing command: ['/bin/umount', '-n', '-l', '/var/lib/mock/centos+epel-7-x86_64/root/proc'] with env {'TERM': 'vt100', 'SHELL': '/bin/sh', 'HOME': '/builddir', 'HOSTNAME': 'mock', 'PATH': '/usr/bin:/bin:/usr/sbin:/sbin', 'LANG': 'C.UTF-8'} and shell False
DEBUG util.py:597:  Child return code was: 0
DEBUG util.py:169:  kill orphans
DEBUG util.py:623:  child environment: None
DEBUG util.py:536:  Using nspawn with args None
DEBUG util.py:541:  Executing command: ['/usr/bin/systemd-nspawn', '-q', '-M', '961fbf8c4cc044b385a23f40444fd935', '-D', '/var/lib/mock/centos+epel-7-x86_64-bootstrap/root', '-a', '--setenv=TERM=vt100', '--setenv=SHELL=/bin/bash', '--setenv=HOME=/builddir', '--setenv=HOSTNAME=mock', '--setenv=PATH=/usr/bin:/bin:/usr/sbin:/sbin', '--setenv=PROMPT_COMMAND=printf "\\033]0;<mock-chroot>\\007"', '--setenv=PS1=<mock-chroot> \\s-\\v\\$ ', '--setenv=LANG=C.UTF-8', '--resolv-conf=off', '/bin/sh', '-c', "rpm -qa --root '/var/lib/mock/centos+epel-7-x86_64/root' --qf '%{nevra} %{buildtime} %{size} %{pkgid} installed\\n'"] with env {'TERM': 'vt100', 'SHELL': '/bin/bash', 'HOME': '/builddir', 'HOSTNAME': 'mock', 'PATH': '/usr/bin:/bin:/usr/sbin:/sbin', 'PROMPT_COMMAND': 'printf "\\033]0;<mock-chroot>\\007"', 'PS1': '<mock-chroot> \\s-\\v\\$ ', 'LANG': 'C.UTF-8', 'SYSTEMD_NSPAWN_TMPFS_TMP': '0', 'SYSTEMD_SECCOMP': '0'} and shell False
DEBUG util.py:446:  libgcc-4.8.5-44_ol001.el7.x86_64 1734554871 179272 c6c54255db5e7b937483d8a996061596 installed
DEBUG util.py:446:  setup-2.8.71-11.el7.noarch 1585715374 697141 ea06d9c1b2cf1331a82dac83e55e0b60 installed
DEBUG util.py:446:  python-srpm-macros-3-34.el7.noarch 1602605024 3838 99875f6f333850216863f7d91cf485ea installed
DEBUG util.py:446:  basesystem-10.0-7.el7.centos.noarch 1403865430 0 778eb3d19a934f42d1354ed795d06b4f installed
DEBUG util.py:446:  perl-srpm-macros-1-8.el7.noarch 1402343091 794 6bd0791a143b53addc95cbeb050859c8 installed
DEBUG util.py:446:  nss-softokn-freebl-3.90.0-6.el7_9.x86_64 1697634121 732614 ca988acff75d1906bf58707f893761a0 installed
DEBUG util.py:446:  glibc-2.17-326_ol010.el7_9.3.x86_64 1752002540 14101010 bca3538782474dd93ed69d3b52fade9c installed
DEBUG util.py:446:  nss-util-3.90.0-1.el7_9.x86_64 1697632868 203144 157616e92d7b9c63d284f4500bfa0da1 installed
DEBUG util.py:446:  ncurses-libs-5.9-14.20130511_ol001.el7_4.x86_64 1769550816 1027976 f8570b220280b5be33939f5a9a1d21b7 installed
DEBUG util.py:446:  libsepol-2.5-10.el7.x86_64 1540935375 686640 cb2c225685a559d68fdb0e07f9b488a2 installed
DEBUG util.py:446:  libselinux-2.5-15.el7.x86_64 1585711002 217762 939b030e19f37ea46c0cdda66748fb04 installed
DEBUG util.py:446:  info-5.1-5.el7.x86_64 1523408616 494630 e1f75e40cf956ed3efe7b49c5f6939ec installed
DEBUG util.py:446:  xz-libs-5.2.2-2.el7_9.x86_64 1655304053 239983 00fab3b3934e23d8b130a49c45ada0e2 installed
DEBUG util.py:446:  libdb-5.3.21-25.el7.x86_64 1565309918 1858144 1be9acf59aae36003d65af028af67ebf installed
DEBUG util.py:446:  gmp-1:6.0.0-15.el7.x86_64 1501722795 657046 4cd60ebf94766a46c590e17036ece777 installed
DEBUG util.py:446:  libattr-2.4.46-13.el7.x86_64 1523407244 19896 209b05c7b77a33a4cc176077945833e8 installed
DEBUG util.py:446:  libcap-2.22-11.el7.x86_64 1585710513 107365 49e9db222f10b2e400a1736eb13270c6 installed
DEBUG util.py:446:  libgpg-error-1.12-3.el7.x86_64 1402390008 350865 a3933d4ce43c07fa9305e8765d78d099 installed
DEBUG util.py:446:  lua-5.1.4-15.el7.x86_64 1478400455 640319 d5973eb7ca2bb665f5fbb7141f2e27a3 installed
DEBUG util.py:446:  mpfr-3.1.1-4.el7.x86_64 1402362714 554279 4cedb227fd4730529b0874792007692b installed
DEBUG util.py:446:  libffi-3.0.13-19.el7.x86_64 1585710522 47790 61429cfa793f438e1a1ee6f71fdfd1f0 installed
DEBUG util.py:446:  libcom_err-1.42.9-19.el7.x86_64 1601481804 60425 17ce0e8ec66bb2984af53998bde8a4d2 installed
DEBUG util.py:446:  xz-5.2.2-2.el7_9.x86_64 1655304053 798420 0f112aba0442b136d7466a0dafad0127 installed
DEBUG util.py:446:  cpio-2.11-28_ol003.el7.x86_64 1767974338 689431 90d015b4516ca9c2f31a74b6b462953f installed
DEBUG util.py:446:  diffutils-3.3-6.el7_9.x86_64 1678200523 1065295 34ff4a2993c7371acc415405bd00f00d installed
DEBUG util.py:446:  expat-2.1.0-15_ol009.el7.x86_64 1781712382 225417 5166e547c07bee15c8d3ed20e9f02668 installed
DEBUG util.py:446:  audit-libs-2.8.5-4.el7.x86_64 1565265980 256386 9d116ad6305cd827bdca472b2add8932 installed
DEBUG util.py:446:  sqlite-3.7.17-8_ol004.el7.1.x86_64 1747755628 818391 9e7a7133a512bd3b25cc304f1c870982 installed
DEBUG util.py:446:  tar-2:1.26-35_ol001.el7.x86_64 1778526442 2846949 418b32a39ee136ec4aa40dc460b50a27 installed
DEBUG util.py:446:  lz4-1.8.3-1.el7.x86_64 1601484911 205463 50e943f036504021a9de980b04f402c1 installed
DEBUG util.py:446:  cpp-4.8.5-44_ol001.el7.x86_64 1734554871 15710293 37146bbad5955e9ad85d53379b21d79b installed
DEBUG util.py:446:  libassuan-2.1.0-3.el7.x86_64 1402341240 155391 c4c94aadc9da58f576b4ef238d0136cb installed
DEBUG util.py:446:  patch-2.7.1-12.el7_7.x86_64 1571788780 215353 9a704b9a2dde0e91be95a333d8d12efb installed
DEBUG util.py:446:  perl-parent-1:0.225-244.el7.noarch 1402384520 8141 d902f1a3426caa19ccbccf09263c54f6 installed
DEBUG util.py:446:  perl-podlators-2.5.1-3.el7.noarch 1402343776 287679 8e070dd716e3adf3c297291accaa4348 installed
DEBUG util.py:446:  perl-Pod-Escapes-1:1.04-299_ol004.el7.noarch 1768259988 21091 47f9c20d0a56db561bcf6220601ff988 installed
DEBUG util.py:446:  perl-Encode-2.51-7.el7.x86_64 1402368585 10176350 713ce27ff4434807ff7060b333ed8873 installed
DEBUG util.py:446:  perl-macros-4:5.16.3-299_ol004.el7.x86_64 1768259630 5134 35474d549d60aa7f009c9d29c988aa39 installed
DEBUG util.py:446:  perl-Time-HiRes-4:1.9725-3.el7.x86_64 1402343844 94069 43f7c93d02750221738a8c3bc845a1ca installed
DEBUG util.py:446:  perl-Storable-2.45-3.el7.x86_64 1402367398 181031 25787b4b609f3ee50d1c7f33d29e0102 installed
DEBUG util.py:446:  perl-Filter-1.49-3.el7.x86_64 1402353954 148475 66b1205b2eef2a89137e530741ed3710 installed
DEBUG util.py:446:  perl-constant-1.27-2.el7.noarch 1402368682 26364 f3ecfa1ce48e13496322e341a3f0b72c installed
DEBUG util.py:446:  perl-Time-Local-1.2300-2.el7.noarch 1402342290 44062 8dba0f2d49849dc3990cfc9e91d5ec6b installed
DEBUG util.py:446:  perl-File-Temp-0.23.01-3.el7.noarch 1402383789 158781 396b0a1af3a203e1cb33c98814d5a6d8 installed
DEBUG util.py:446:  perl-PathTools-3.40-5.el7.x86_64 1402373476 174131 c597987071b0f81a0029667e83e1ecae installed
DEBUG util.py:446:  perl-Pod-Simple-1:3.28-4.el7.noarch 1402365613 538320 8e5edeb936a154537062b776eb41cb7d installed
DEBUG util.py:446:  perl-4:5.16.3-299_ol004.el7.x86_64 1768259630 23557921 296366f81a1300f08c423b293fe51066 installed
DEBUG util.py:446:  libdb-utils-5.3.21-25.el7.x86_64 1565309918 322471 75032d455ebe208a62eef3f2b83af865 installed
DEBUG util.py:446:  kmod-libs-20-28.el7.x86_64 1585709895 91800 b5b5262c5f2bc70956eaab42f0b8f1ed installed
DEBUG util.py:446:  bzip2-1.0.6-13_ol001.el7.x86_64 1750696217 83807 182c1032df1aab694c6c874f31ba2541 installed
DEBUG util.py:446:  zip-3.0-11.el7.x86_64 1478364595 815173 f49ae6270a053005b67e417123691ca7 installed
DEBUG util.py:446:  libgomp-4.8.5-44_ol001.el7.x86_64 1734554871 212144 bd9073896e1c1618a13f222223ed5c8b installed
DEBUG util.py:446:  libstdc++-devel-4.8.5-44_ol001.el7.x86_64 1734554871 8436804 02e17cc621ca35b130ae3f431f171e20 installed
DEBUG util.py:446:  ustr-1.0.4-16.el7.x86_64 1402344766 285943 58bb2ebb64b048e24a4c7d5d51170f55 installed
DEBUG util.py:446:  libverto-0.2.5-4.el7.x86_64 1402386261 23060 341bae036f22ce087486f4d9e180caee installed
DEBUG util.py:446:  libtasn1-4.10-1.el7.x86_64 1501633297 424486 5bd1b0b4094fac08713f986572a8625e installed
DEBUG util.py:446:  ca-certificates-2023.2.60_v7.0.306-72.el7_9.noarch 1697462596 2313918 6309d310bbd20495bf588a5740a75e88 installed
DEBUG util.py:446:  qrencode-libs-3.4.1-3.el7.x86_64 1402343131 126732 ac1de0c46bc1886e12ea80771951cde2 installed
DEBUG util.py:446:  coreutils-8.22-24_ol001.el7.2.x86_64 1774542385 14594351 cf89d8f651b5fb8c3465e544b41fbec6 installed
DEBUG util.py:446:  krb5-libs-1.15.1-55_ol004.el7_9.x86_64 1783694351 2204368 f5e473d07c2694d9d4bef6ab77b773c4 installed
DEBUG util.py:446:  gzip-1.5-11.el7_9.x86_64 1652367512 250421 e5c046f2a9563b4da1c487c673334394 installed
DEBUG util.py:446:  libmount-2.23.2-65.el7_9.1.x86_64 1612283515 278157 fa861327e785c3b2e42c330fb74b65d6 installed
DEBUG util.py:446:  shared-mime-info-1.8-5.el7.x86_64 1585715455 2379876 8c66fe453adb46917cd07e47cf1ba152 installed
DEBUG util.py:446:  shadow-utils-2:4.6-5.el7.x86_64 1565319063 3887289 975b2bbe58a4f03ef8c9b8159b59af7f installed
DEBUG util.py:446:  cracklib-dicts-2.9.0-11.el7.x86_64 1402378933 9389116 da657b0facf181893f9a38437092dbbf installed
DEBUG util.py:446:  libpwquality-1.2.3-5.el7.x86_64 1523419099 332421 e40a69f0a1803dfa3736aba2c8ea1fb4 installed
DEBUG util.py:446:  cyrus-sasl-lib-2.1.26-24_ol001.el7.x86_64 1772224594 396919 b48fda5e205d617008612cea4d873255 installed
DEBUG util.py:446:  python-libs-2.7.5-94_ol015.el7.x86_64 1782496638 24827190 dcf2213bc454b4b031d1433f25fc09e5 installed
DEBUG util.py:446:  nss-pem-1.0.3-7.el7_9.1.x86_64 1686238638 209851 55a23c3bddd2830baebc8ed233533e04 installed
DEBUG util.py:446:  nss-sysinit-3.90.0-2.el7_9.x86_64 1697721469 14110 c0fc2a5357aacd4382b4a424a531b629 installed
DEBUG util.py:446:  libcurl-7.29.0-59.el7_9.2.x86_64 1702484661 439304 bad6689f293cd243b3c78e08fdd89cfe installed
DEBUG util.py:446:  rpm-libs-4.11.3-48_ol003.el7.x86_64 1776178801 619584 3427957f304f6a1b2178e186d7ef4df5 installed
DEBUG util.py:446:  openldap-2.4.44-25_ol005.el7_9.x86_64 1784033653 1037032 86d8633ee2e2dd47ce3ce1e39190294d installed
DEBUG util.py:446:  gnupg2-2.0.22-5.el7_5.x86_64 1531487214 6637796 a293dfefd6596bfe5c54ba68377e334e installed
DEBUG util.py:446:  perl-generators-epel-1-1.el7.noarch 1673423452 298 1ee643b5f03c49860299cfb276d4c5e1 installed
DEBUG util.py:446:  redhat-rpm-config-9.1.0-88.el7.centos.noarch 1565130322 174572 39bd397ca4fd5470144024e5e7531bd1 installed
DEBUG util.py:446:  util-linux-2.23.2-65.el7_9.1.x86_64 1612283515 8482896 aca5cd217dc2c0d39ef1914719f72d16 installed
DEBUG util.py:446:  kpartx-0.4.9-136.el7_9.x86_64 1668612098 41267 3f6282ffc25caefd82ca4e4f2b144af7 installed
DEBUG util.py:446:  device-mapper-libs-7:1.02.170-6.el7_9.5.x86_64 1619616727 404687 df29966875882d5da1d7687d4a742d1b installed
DEBUG util.py:446:  dracut-033-572.el7.x86_64 1601481479 905396 d90b9b6b8f6783d83d5e2d1b09a8f632 installed
DEBUG util.py:446:  elfutils-libs-0.176-5.el7.x86_64 1601569823 808799 32fa25ce22d3a56e1459cd0592b81562 installed
DEBUG util.py:446:  dbus-libs-1:1.10.24-15.el7.x86_64 1601481306 362600 58e455028fbb88b7b18f4cfdc4b24514 installed
DEBUG util.py:446:  elfutils-default-yama-scope-0.176-5.el7.noarch 1601569823 1810 e7ff84b810bf4bb547c3d1bad7a43243 installed
DEBUG util.py:446:  elfutils-0.176-5.el7.x86_64 1601569823 835489 f43d86682eaa591b6e61b436c3a2b3fa installed
DEBUG util.py:446:  kernel-headers-3.10.0-1160.119.1_ol008.el7.x86_64 1776178217 3948899 47c2a34ad67a251abcefc6f0b9632c3a installed
DEBUG util.py:446:  glibc-devel-2.17-326_ol010.el7_9.3.x86_64 1752002540 1066188 421a7729e2c0ca5442e18f36d2cecc8a installed
DEBUG util.py:446:  gcc-c++-4.8.5-44_ol001.el7.x86_64 1734554871 17322947 fdc59cdade2aee3144e00e6c801298e6 installed
DEBUG util.py:446:  rpm-build-4.11.3-48_ol003.el7.x86_64 1776178801 331384 8bdbb7ca85c083c53ec624ea188c5279 installed
DEBUG util.py:446:  which-2.20-7.el7.x86_64 1402367122 76962 5b0eff1739daa46a80e9908f39167c29 installed
DEBUG util.py:446:  fipscheck-1.4.1-6.el7.x86_64 1501678069 38839 a2e0953263a6285a00476819997c1caf installed
DEBUG util.py:446:  perl-Error-1:0.17020-2.el7.noarch 1402345189 50015 d5f79c530c268d71811519df24ca0c90 installed
DEBUG util.py:446:  gnu-efi-1:3.0.8-2.el7.x86_64 1540892219 237574 0e3799c749b7626849b932d63cf3ecb4 installed
DEBUG util.py:446:  efivar-libs-36-12.el7.x86_64 1565306096 252096 e4ffc39175e5cddee5d692119cfbcb36 installed
DEBUG util.py:446:  openssh-clients-7.4p1-23_ol009.el7.x86_64 1782827130 2651507 91741aaea5e2a98abf89e13b4f1edb59 installed
DEBUG util.py:446:  vim-filesystem-2:7.4.629-8_ol023.el7.x86_64 1783522301 0 6eeafd551bc7da1b8329dcf2e18716c4 installed
DEBUG util.py:446:  python3-pip-9.0.3-8.el7.noarch 1602605049 9521299 8b0a3887b13fb5ce53db1ff885550c5c installed
DEBUG util.py:446:  python3-libs-3.6.8-21_ol012.el7_9.x86_64 1782322606 36465824 d0a05e787f15d08d197bfd1a4357855b installed
DEBUG util.py:446:  rsync-3.1.2-12_ol001.el7_9.x86_64 1738244910 839727 68d27e6846e4aafe0604659e873ed840 installed
DEBUG util.py:446:  libselinux-devel-2.5-15.el7.x86_64 1585711002 194101 2292c547c9d413ad3d05d0b3e7c91b92 installed
DEBUG util.py:446:  zlib-devel-1.2.7-21_ol002.el7_9.x86_64 1772224988 135536 3b42f7675def8c27ebc12b174665ce9f installed
DEBUG util.py:446:  perl-TermReadKey-2.30-20.el7.x86_64 1402385372 59999 48356fe925819f41d6446ffc09d1b21d installed
DEBUG util.py:446:  git-1.8.3.1-25.el7_9.x86_64 1684854503 23265295 112e72a18c42a8d9bf932734469c7271 installed
DEBUG util.py:446:  keyutils-libs-devel-1.5.8-3.el7.x86_64 1402366675 29186 89e25181b24bb62f927ee72c767b9f31 installed
DEBUG util.py:446:  krb5-devel-1.15.1-55_ol004.el7_9.x86_64 1783694351 796303 4910ae2753ae1271814c135b1a605f04 installed
DEBUG util.py:446:  pesign-113-21_ol001.el7.x86_64 1754666047 811517 eefbc348c36f8f06b30a2c4296e11407 installed
DEBUG util.py:446:  gnu-efi-devel-1:3.0.8-2.el7.x86_64 1540892219 468098 a13e4afdfdf6819c2c1d44ea4ae91cd2 installed
DEBUG util.py:446:  dos2unix-6.0.3-7.el7.x86_64 1501720806 194352 92e1f05ebc39e3f70d2d26fdf0a7e0ec installed
DEBUG util.py:446:  gpg-pubkey-352c64e5-52ae6884 1387161732 0 (none) installed
DEBUG util.py:446:  centos-release-7-9.2009.2.el7.centos.x86_64 1716302882 45726 e7f5271460ed9e0ba8e35b2419a706da installed
DEBUG util.py:446:  filesystem-3.2-25.el7.x86_64 1523422829 0 93e1c91a2dbd4d3ac61fb70a40a7c228 installed
DEBUG util.py:446:  python-rpm-macros-3-34.el7.noarch 1602605024 4234 9c48c27d0b87e5fcf31da492d4a9125d installed
DEBUG util.py:446:  ncurses-base-5.9-14.20130511_ol001.el7_4.noarch 1769550816 223432 f3e2b3afefec5280f001c7d901f9d81e installed
DEBUG util.py:446:  tzdata-2024a-1.el7.noarch 1707923061 1915955 8c06cb2d972790cc3bfd8887e36c98d0 installed
DEBUG util.py:446:  glibc-common-2.17-326_ol010.el7_9.3.x86_64 1752002540 226621529 97202fa5ec5bd0b77abe8d164d7fd07c installed
DEBUG util.py:446:  nspr-4.35.0-1.el7_9.x86_64 1697122792 291688 48118b744589e3b5d8c93cfbb466490e installed
DEBUG util.py:446:  libstdc++-4.8.5-44_ol001.el7.x86_64 1734554871 1081666 67ab25b0ffca5e3a859e2b30ec623173 installed
DEBUG util.py:446:  bash-4.2.46-35_ol002.el7.x86_64 1731011724 3667756 0ff9e625851a1a580a7994b6288d2872 installed
DEBUG util.py:446:  pcre-8.32-17_ol002.el7.x86_64 1775852382 1475540 2adf99d585413f8801bc93aed1b171a5 installed
DEBUG util.py:446:  zlib-1.2.7-21_ol002.el7_9.x86_64 1772224988 185206 479c03e2d0ad1207fadf7a7e0d9af484 installed
DEBUG util.py:446:  bzip2-libs-1.0.6-13_ol001.el7.x86_64 1750696217 70109 01d90dc949990b9ebcca3c29e9a3b67a installed
DEBUG util.py:446:  elfutils-libelf-0.176-5.el7.x86_64 1601569823 916150 c45c186cf049050f6df0210fbbe3ca82 installed
DEBUG util.py:446:  sed-4.2.2-7.el7.x86_64 1601487357 601267 4523ac99048091e140e598af1d653721 installed
DEBUG util.py:446:  popt-1.13-16.el7.x86_64 1402373003 88516 87f5d6bac8f205fb14e2072e4b47ce23 installed
DEBUG util.py:446:  libacl-2.2.51-15.el7.x86_64 1585707377 37064 d3435c79733c964eb141830587d52eb6 installed
DEBUG util.py:446:  readline-6.2-11.el7.x86_64 1565266059 460424 f45c914245b90ee8c80c08740ef19837 installed
DEBUG util.py:446:  libgcrypt-1.5.3-14_ol001.el7.x86_64 1777999538 597367 ad8b583432d24f7df1273e5c69a35a1d installed
DEBUG util.py:446:  chkconfig-1.7.6-1.el7.x86_64 1602604010 779655 d118157f4ea930eba79b3875990b1fe7 installed
DEBUG util.py:446:  grep-2.20-3.el7.x86_64 1501743524 1195131 92bc957d1c4fc3764e134d8f82544abe installed
DEBUG util.py:446:  libuuid-2.23.2-65.el7_9.1.x86_64 1612283515 20278 01d1282604566ddad6b1360861dbcf49 installed
DEBUG util.py:446:  libmpc-1.0.1-3.el7.x86_64 1402343098 113833 835abbe42dbf1e0f94d227d54c01f483 installed
DEBUG util.py:446:  gawk-4.0.2-4.el7_3.1.x86_64 1498686770 2435978 5efa8feaeb12d57cda1a9bcd9c8af917 installed
DEBUG util.py:446:  findutils-1:4.5.11-6.el7.x86_64 1540917834 1855882 162b03172dee0f90443197d424bc9be0 installed
DEBUG util.py:446:  file-libs-5.11-37.el7.x86_64 1601482103 3076741 0919ae038ea6cea885f1643c0f876664 installed
DEBUG util.py:446:  libcap-ng-0.7.5-4.el7.x86_64 1448001510 50510 84efa5ca78408f78e606e7c8d1816759 installed
DEBUG util.py:446:  p11-kit-0.23.5-3.el7.x86_64 1501889820 1337825 9a0f49ca3b6d58aeb05780003cae38f1 installed
DEBUG util.py:446:  nss-softokn-3.90.0-6.el7_9.x86_64 1697634121 1490440 7e7fc8787c8db4fddeab102765b248e1 installed
DEBUG util.py:446:  gdbm-1.10-8.el7.x86_64 1402349948 184322 770bd49f3898dc1cc831fb9ec12d569a installed
DEBUG util.py:446:  file-5.11-37.el7.x86_64 1601482103 67368 17bacde6c0399ce011dc390b48fda094 installed
DEBUG util.py:446:  pinentry-0.8.1-17.el7.x86_64 1478360967 159929 740fabe008451f11fee22ff086fb13d3 installed
DEBUG util.py:446:  acl-2.2.51-15.el7.x86_64 1585707377 201209 ca945ffcb793aa5f88ce8a2b9ba82753 installed
DEBUG util.py:446:  groff-base-1.22.2-8.el7.x86_64 1402345046 3453946 591d2a12420abc9fa9934414fc0987f4 installed
DEBUG util.py:446:  perl-HTTP-Tiny-0.033-3_ol001.el7.noarch 1729001094 142695 ec3eaea9b53a15c63a32821ba6920024 installed
DEBUG util.py:446:  perl-Pod-Perldoc-3.20-4.el7.noarch 1402388270 166910 29a8a33b24ddf4e0e95ad8d2484cc277 installed
DEBUG util.py:446:  perl-Text-ParseWords-3.29-4.el7.noarch 1402348486 16431 58a96328cb0e6dd435d15af542467a38 installed
DEBUG util.py:446:  perl-Pod-Usage-1.63-3.el7.noarch 1402390579 44671 1db34851ba13011739022f031438e15c installed
DEBUG util.py:446:  perl-libs-4:5.16.3-299_ol004.el7.x86_64 1768259630 1647312 e84bc773f4b8f1c7d19d09f29513af37 installed
DEBUG util.py:446:  perl-threads-1.87-4.el7.x86_64 1402377734 98615 29739d2f766c8bd85e85de9f8ccb7367 installed
DEBUG util.py:446:  perl-Carp-1.26-244.el7.noarch 1402362759 28276 0f9ffc1d8836311235869048667422e9 installed
DEBUG util.py:446:  perl-Exporter-5.68-3.el7.noarch 1402373350 56612 d6e7deb74b149e4b7aa23a998a127bb4 installed
DEBUG util.py:446:  perl-Socket-2.010-5.el7.x86_64 1585713790 114497 978a2da5b65bb1f2b500d0da90e80f8b installed
DEBUG util.py:446:  perl-threads-shared-1.43-6.el7.x86_64 1402380447 73972 cd3e1ec9dfe8b5e9121fcd53b41aa197 installed
DEBUG util.py:446:  perl-File-Path-2.09-2.el7.noarch 1402361289 50067 94d54ef6ce6893ae2a4400c4b0ce79b7 installed
DEBUG util.py:446:  perl-Scalar-List-Utils-1.27-248.el7.x86_64 1402358220 67994 2fb261c150fc06b1a978809c5a9c706e installed
DEBUG util.py:446:  perl-Getopt-Long-2.40-3.el7.noarch 1523406856 134846 e4fc3f2fed36897ae178ecd5d9475217 installed
DEBUG util.py:446:  perl-Thread-Queue-3.02-2.el7.noarch 1402347633 27642 29d052232cb1b86133bd838739672a15 installed
DEBUG util.py:446:  dwz-0.11-3.el7.x86_64 1402363547 225103 28a047bc76d0ad80e6938a94898129ca installed
DEBUG util.py:446:  libxml2-2.9.1-6_ol018.el7.6.x86_64 1782156958 1701926 fa62a5fc2ab7e1a26d96aa0fbef77618 installed
DEBUG util.py:446:  unzip-6.0-24.el7_9.x86_64 1642092746 378162 d79ce1ee4c4ee0d4d0b9bccbe73f2b9e installed
DEBUG util.py:446:  libidn-1.28-4.el7.x86_64 1448125248 630407 3d582106ac1032c59c1cd4236e5d6415 installed
DEBUG util.py:446:  ncurses-5.9-14.20130511_ol001.el7_4.x86_64 1769550816 439362 8f60cbd2b2de9d71795ec83fc088a27c installed
DEBUG util.py:446:  libsmartcols-2.23.2-65.el7_9.1.x86_64 1612283515 168720 7f82d20c0604f2e1d0a51da90fee5d6e installed
DEBUG util.py:446:  libsemanage-2.5-14.el7.x86_64 1540943073 302329 95dadf0074c4bbd2d63b0c6d5e6922fa installed
DEBUG util.py:446:  pth-2.0.7-23.el7.x86_64 1448007112 267851 2d6939b73767d0f96b02677bcbeef2e2 installed
DEBUG util.py:446:  p11-kit-trust-0.23.5-3.el7.x86_64 1501889820 437261 2dc2f7ab212401098e8821ce23f21741 installed
DEBUG util.py:446:  hardlink-1:1.0-19.el7.x86_64 1402381564 16545 3a1bcd8e12bbdbced75d74b5919a039a installed
DEBUG util.py:446:  keyutils-libs-1.5.8-3.el7.x86_64 1402366675 42138 e31fa37a714787d3d72e0a9316c3a85b installed
DEBUG util.py:446:  openssl-libs-1:1.0.2k-26_ol002.el7_9.x86_64 1760729440 3208500 c9b1aa130c3bcdbbb118d720cf4df9ed installed
DEBUG util.py:446:  libblkid-2.23.2-65.el7_9.1.x86_64 1612283515 265925 86fcddd4998b8a8559299d9e1ab02424 installed
DEBUG util.py:446:  cracklib-2.9.0-11.el7.x86_64 1402378933 209610 a973d883d6785904e49266428bb3ed90 installed
DEBUG util.py:446:  glib2-2.56.1-9_ol008.el7.x86_64 1780502611 12178233 6aaf0012400c6fcb5f308eb70ffa2406 installed
DEBUG util.py:446:  binutils-2.27-44.base_ol005.el7.1.x86_64 1778175433 25186437 a8ca43d9115abf2f02d2fb5e885ee708 installed
DEBUG util.py:446:  pkgconfig-1:0.27.1-4.el7.x86_64 1402351548 105522 ef58117c9c617599952c0642ff5e8d00 installed
DEBUG util.py:446:  pam-1.1.8-23.el7.x86_64 1585713659 2632373 4a759efcb0060afe29709c051707f971 installed
DEBUG util.py:446:  libutempter-1.1.6-4.el7.x86_64 1402365826 49749 8e28747e6a84b84af7d78c84cd8cd5e8 installed
DEBUG util.py:446:  libssh2-1.8.0-4_ol003.el7_9.1.x86_64 1751373800 195600 4d545e40443d754e026ed074af60b2a9 installed
DEBUG util.py:446:  gdb-7.6.1-120.el7.x86_64 1601482700 7375630 d972171eeec1e05c2ec958c5afd2581b installed
DEBUG util.py:446:  nss-3.90.0-2.el7_9.x86_64 1697721469 2602849 37c7355a419eaaa22476ecd2ee09ad8a installed
DEBUG util.py:446:  nss-tools-3.90.0-2.el7_9.x86_64 1697721469 2298363 95f6569f85691e8e5bd21d9092c2f7d1 installed
DEBUG util.py:446:  curl-7.29.0-59.el7_9.2.x86_64 1702484661 540396 2283a0f2a117ea53b0cf0be6028c0898 installed
DEBUG util.py:446:  rpm-4.11.3-48_ol003.el7.x86_64 1776178801 2622621 c7b64f081e4693a9740d9b0633564a62 installed
DEBUG util.py:446:  libuser-0.60-9.el7.x86_64 1523558694 1952592 8fdd92e668b91208dfd916ebdce8a297 installed
DEBUG util.py:446:  rpm-build-libs-4.11.3-48_ol003.el7.x86_64 1776178801 166656 d29832cadf4a1482f5c4a1ef27baa385 installed
DEBUG util.py:446:  lua-srpm-macros-1-13.el7.noarch 1707738766 1367 bc315b5a7cc3c6289fd321b1118240ee installed
DEBUG util.py:446:  json-c-0.11-4.el7_0.x86_64 1403612338 65593 62bcb642b82d3b3aeb99ba9ba1b40715 installed
DEBUG util.py:446:  procps-ng-3.3.10-28.el7.x86_64 1601486497 759395 827044eba1dd3f5fd8fbb2ad9911fb06 installed
DEBUG util.py:446:  device-mapper-7:1.02.170-6.el7_9.5.x86_64 1619616727 342456 511318eae506189450b1e14c1e62ebd4 installed
DEBUG util.py:446:  cryptsetup-libs-2.0.3-6.el7.x86_64 1585707796 1219519 61f488ba5b278e434e4558e750b17127 installed
DEBUG util.py:446:  kmod-20-28.el7.x86_64 1585709895 247868 177062346afeda2c51ce12cb8c20a670 installed
DEBUG util.py:446:  systemd-libs-219-78_ol004.el7.9.x86_64 1731363115 1266688 62a13fca6e8e4e38fba2c365295ba710 installed
DEBUG util.py:446:  systemd-219-78_ol004.el7.9.x86_64 1731363115 24503189 61b54106769d573d2a58253a89030554 installed
DEBUG util.py:446:  dbus-1:1.10.24-15.el7.x86_64 1601481306 594463 3040b3d83397504a4a52edc8330edea3 installed
DEBUG util.py:446:  python2-rpm-macros-3-34.el7.noarch 1602605024 1495 a63357c8193c74d8755175b23da9ce7e installed
DEBUG util.py:446:  glibc-headers-2.17-326_ol010.el7_9.3.x86_64 1752002540 2343218 05f15a325ebe5deb79b99cca5d49462e installed
DEBUG util.py:446:  gcc-4.8.5-44_ol001.el7.x86_64 1734554871 39308347 ece8ccaf6e9af4bd07c4f7091ea5896d installed
DEBUG util.py:446:  epel-rpm-macros-7-38.noarch 1698838918 30959 1bf10ebe911d9b17c8ca801893f454e4 installed
DEBUG util.py:446:  make-1:3.82-24.el7.x86_64 1565311645 1160660 c05a8addeca9104ca654b2019a664428 installed
DEBUG util.py:446:  epel-release-7-14.noarch 1630777123 25728 33901cab6e24d7340d9047161a5d95b0 installed
DEBUG util.py:446:  fipscheck-lib-1.4.1-6.el7.x86_64 1501678069 11466 93aa3152b03992c02e0ed2759b1d3ac8 installed
DEBUG util.py:446:  openssh-7.4p1-23_ol009.el7.x86_64 1782827130 2013430 5cb80ec46133ac1c091d5f5fd19a74c4 installed
DEBUG util.py:446:  libcom_err-devel-1.42.9-19.el7.x86_64 1601481804 17196 45c0c41cf7edef27203a45621bd7494d installed
DEBUG util.py:446:  libedit-3.0-12.20121213cvs.el7.x86_64 1402353190 244257 9e248aca4576e17c188396aa91931c63 installed
DEBUG util.py:446:  pcre-devel-8.32-17_ol002.el7.x86_64 1775852382 1505771 f1a2af7741935f1fd7b355370ec9d7db installed
DEBUG util.py:446:  libtirpc-0.2.4-0.16_ol001.el7.x86_64 1722028421 187327 76ca9151f29cc4e11a6355a69ef21597 installed
DEBUG util.py:446:  python3-setuptools-39.2.0-10_ol002.el7.noarch 1762884833 3816227 3a56478005cdbfd90402d2a3f4852af1 installed
DEBUG util.py:446:  python3-3.6.8-21_ol012.el7_9.x86_64 1782322606 39904 6f18fc9b4ba1af36800bdb0fb8b70dce installed
DEBUG util.py:446:  libsepol-devel-2.5-10.el7.x86_64 1540935375 126580 7737c3c3ec497910db7bd7b4060732dd installed
DEBUG util.py:446:  less-458-10.el7_9.x86_64 1718116522 215456 6b10294447bd323214672b8df73534c8 installed
DEBUG util.py:446:  python-2.7.5-94_ol015.el7.x86_64 1782496638 80835 8372801512858f40048fdb0f75e45b8b installed
DEBUG util.py:446:  perl-Git-1.8.3.1-25.el7_9.noarch 1684854503 58567 4aa1fbef7cb5c6ba81e42acd025912c8 installed
DEBUG util.py:446:  libverto-devel-0.2.5-4.el7.x86_64 1402386261 25871 474e3916ae4568f0ec63415ecbd0afb1 installed
DEBUG util.py:446:  libkadm5-1.15.1-55_ol004.el7_9.x86_64 1783694351 220992 ea8dedc35577ce107aeee1550dc00ad4 installed
DEBUG util.py:446:  openssl-devel-1:1.0.2k-26_ol002.el7_9.x86_64 1760729440 3269304 385be8de088dcc1c4b270edb3899cbe3 installed
DEBUG util.py:446:  vim-common-2:7.4.629-8_ol023.el7.x86_64 1783522301 22155704 ecbc5d730bf73306ca798573546d6700 installed
DEBUG util.py:446:  openssl-1:1.0.2k-26_ol002.el7_9.x86_64 1760729440 833680 6c007ca743b60840e91856c4c0798d4c installed
DEBUG util.py:597:  Child return code was: 0
DEBUG util.py:623:  child environment: None
DEBUG backend.py:777:  Copying packages to result dir
DEBUG util.py:169:  kill orphans
DEBUG util.py:623:  child environment: None
DEBUG util.py:541:  Executing command: ['/bin/umount', '-n', '/var/lib/mock/centos+epel-7-x86_64/root/var/run/pesign'] with env {'TERM': 'vt100', 'SHELL': '/bin/sh', 'HOME': '/builddir', 'HOSTNAME': 'mock', 'PATH': '/usr/bin:/bin:/usr/sbin:/sbin', 'LANG': 'C.UTF-8'} and shell False
DEBUG util.py:597:  Child return code was: 0
DEBUG util.py:623:  child environment: None
DEBUG util.py:541:  Executing command: ['/bin/umount', '-n', '/var/lib/mock/centos+epel-7-x86_64/root/var/lib/pesign'] with env {'TERM': 'vt100', 'SHELL': '/bin/sh', 'HOME': '/builddir', 'HOSTNAME': 'mock', 'PATH': '/usr/bin:/bin:/usr/sbin:/sbin', 'LANG': 'C.UTF-8'} and shell False
DEBUG util.py:597:  Child return code was: 0
DEBUG util.py:623:  child environment: None
DEBUG util.py:541:  Executing command: ['/bin/umount', '-n', '-l', '/var/lib/mock/centos+epel-7-x86_64-bootstrap/root/var/lib/mock/centos+epel-7-x86_64/root'] with env {'TERM': 'vt100', 'SHELL': '/bin/sh', 'HOME': '/builddir', 'HOSTNAME': 'mock', 'PATH': '/usr/bin:/bin:/usr/sbin:/sbin', 'LANG': 'C.UTF-8'} and shell False
DEBUG util.py:597:  Child return code was: 0
DEBUG util.py:623:  child environment: None
DEBUG util.py:541:  Executing command: ['/bin/umount', '-n', '-l', '/var/lib/mock/centos+epel-7-x86_64-bootstrap/root/var/lib/mock/centos+epel-7-x86_64/root'] with env {'TERM': 'vt100', 'SHELL': '/bin/sh', 'HOME': '/builddir', 'HOSTNAME': 'mock', 'PATH': '/usr/bin:/bin:/usr/sbin:/sbin', 'LANG': 'C.UTF-8'} and shell False
DEBUG util.py:597:  Child return code was: 0
DEBUG util.py:623:  child environment: None
DEBUG util.py:541:  Executing command: ['/bin/umount', '-n', '/var/lib/mock/centos+epel-7-x86_64/root/proc/filesystems'] with env {'TERM': 'vt100', 'SHELL': '/bin/sh', 'HOME': '/builddir', 'HOSTNAME': 'mock', 'PATH': '/usr/bin:/bin:/usr/sbin:/sbin', 'LANG': 'C.UTF-8'} and shell False
DEBUG util.py:597:  Child return code was: 0
DEBUG util.py:623:  child environment: None
DEBUG util.py:541:  Executing command: ['/bin/umount', '-n', '/var/lib/mock/centos+epel-7-x86_64/root/var/cache/dnf'] with env {'TERM': 'vt100', 'SHELL': '/bin/sh', 'HOME': '/builddir', 'HOSTNAME': 'mock', 'PATH': '/usr/bin:/bin:/usr/sbin:/sbin', 'LANG': 'C.UTF-8'} and shell False
DEBUG util.py:597:  Child return code was: 0
DEBUG util.py:623:  child environment: None
DEBUG util.py:541:  Executing command: ['/bin/umount', '-n', '/var/lib/mock/centos+epel-7-x86_64/root/var/cache/yum'] with env {'TERM': 'vt100', 'SHELL': '/bin/sh', 'HOME': '/builddir', 'HOSTNAME': 'mock', 'PATH': '/usr/bin:/bin:/usr/sbin:/sbin', 'LANG': 'C.UTF-8'} and shell False
DEBUG util.py:597:  Child return code was: 0
DEBUG util.py:169:  kill orphans
DEBUG util.py:623:  child environment: None
DEBUG util.py:541:  Executing command: ['/bin/umount', '-n', '/var/lib/mock/centos+epel-7-x86_64-bootstrap/root/proc/filesystems'] with env {'TERM': 'vt100', 'SHELL': '/bin/sh', 'HOME': '/builddir', 'HOSTNAME': 'mock', 'PATH': '/usr/bin:/bin:/usr/sbin:/sbin', 'LANG': 'C.UTF-8'} and shell False
DEBUG util.py:597:  Child return code was: 0
DEBUG util.py:623:  child environment: None
DEBUG util.py:541:  Executing command: ['/bin/umount', '-n', '/var/lib/mock/centos+epel-7-x86_64-bootstrap/root/var/cache/dnf'] with env {'TERM': 'vt100', 'SHELL': '/bin/sh', 'HOME': '/builddir', 'HOSTNAME': 'mock', 'PATH': '/usr/bin:/bin:/usr/sbin:/sbin', 'LANG': 'C.UTF-8'} and shell False
DEBUG util.py:597:  Child return code was: 0
DEBUG util.py:623:  child environment: None
DEBUG util.py:541:  Executing command: ['/bin/umount', '-n', '/var/lib/mock/centos+epel-7-x86_64-bootstrap/root/var/cache/yum'] with env {'TERM': 'vt100', 'SHELL': '/bin/sh', 'HOME': '/builddir', 'HOSTNAME': 'mock', 'PATH': '/usr/bin:/bin:/usr/sbin:/sbin', 'LANG': 'C.UTF-8'} and shell False
DEBUG util.py:597:  Child return code was: 0
